experiment_name,experiment_id,descriptor_type,pooling_strategy,mean_average_precision,true_map_macro,true_map_micro,true_map_macro_with_zeros,true_map_micro_with_zeros,precision_at_1,precision_at_5,recall_at_1,recall_at_5,processing_time_s
,144,dspsift_baseline,none,0.0,0.0,0.0,0.0,0.0,0.0,0.0,0.0,0.0,0.0
,146,dspsift_baseline,none,0.0,0.0,0.0,0.0,0.0,0.0,0.0,0.0,0.0,0.0
,143,sift_dsp_pyramid,domain_size_pooling,0.0,0.0,0.0,0.0,0.0,0.0,0.0,0.0,0.0,0.032
,145,sift_dsp_pyramid,domain_size_pooling,0.0,0.0,0.0,0.0,0.0,0.0,0.0,0.0,0.0,0.006
cnn_descriptor_reference_keynet_sift_pairs,392,libtorch_hardnet_baseline,none,0.8291770574280103,0.8291770574280103,0.8362468077302484,0.35588888933451474,0.3613323770951357,0.7939300342442759,0.8855838313301551,0.7939300342442759,0.8855838313301551,21.067
cnn_descriptor_reference_keynet_sift_pairs,394,libtorch_l2net_baseline,none,0.5340112205489781,0.5340112205489781,0.5337753928663563,0.23408577032908315,0.2306380481891244,0.4711945209158665,0.6005841670583496,0.4711945209158665,0.6005841670583496,20.786
cnn_descriptor_reference_keynet_sift_pairs,393,libtorch_sosnet_baseline,none,0.8269667321615165,0.8269667321615165,0.8329974092147968,0.3545325665360865,0.35992835034266973,0.7907070435775196,0.8808164909689116,0.7907070435775196,0.8808164909689116,20.689
color_descriptors_with_rootsift,170,dspsift_v2_baseline,none,0.5824645563204085,0.5824645563204085,0.6035511767166748,0.20629837067214044,0.20870166677878257,0.5749045601376012,0.6323362839283467,0.5749045601376012,0.6323362839283467,46.545
color_descriptors_with_rootsift,173,honc_baseline,none,0.4755710658007561,0.4755710658007561,0.49722527274861594,0.17181871111124217,0.17193528434770086,0.4577337752233922,0.5380291144019801,0.4577337752233922,0.5380291144019801,72.677
color_descriptors_with_rootsift,174,honc_rootsift,none,0.48546883793792267,0.48546883793792267,0.5066952766220114,0.17480897669709936,0.17520991236438507,0.46855728489323323,0.5455804002181482,0.46855728489323323,0.5455804002181482,74.444
color_descriptors_with_rootsift,171,rgbsift_baseline,none,0.5428914637606268,0.5428914637606268,0.5663438833765758,0.19452094419359933,0.19583577497711524,0.5357637286571296,0.5961320635986072,0.5357637286571296,0.5961320635986072,86.917
color_descriptors_with_rootsift,172,rgbsift_rootsift,none,0.5633143285839076,0.5633143285839076,0.5849312124064944,0.20066519610001954,0.20226307840913332,0.5570751352938709,0.6117380542853547,0.5570751352938709,0.6117380542853547,87.85
descriptor_processing_sift_keynet_pairs,358,honc_dsp_l1_root_after,none,0.47565950973884735,0.47565950973884735,0.5045651606158811,0.11530551113476573,0.12181733470849507,0.4722105389653308,0.5373430270984798,0.4722105389653308,0.5373430270984798,20.976
descriptor_processing_sift_keynet_pairs,357,honc_dsp_l1_root_before,none,0.4748343572622762,0.4748343572622762,0.5038516649400587,0.11512412965241962,0.12164507520994267,0.4712491738268341,0.5368623445292315,0.4712491738268341,0.5368623445292315,20.936
descriptor_processing_sift_keynet_pairs,356,honc_dsp_l1_root_none,none,0.46913426697813554,0.46913426697813554,0.49852516149483617,0.1140079467447242,0.12035909570985069,0.46512047106891785,0.5337379078291173,0.46512047106891785,0.5337379078291173,20.846
descriptor_processing_sift_keynet_pairs,361,honc_dsp_l2_root_after,none,0.47565950973884735,0.47565950973884735,0.5045651606158811,0.11530551113476573,0.12181733470849507,0.4722105389653308,0.5373430270984798,0.4722105389653308,0.5373430270984798,20.77
descriptor_processing_sift_keynet_pairs,360,honc_dsp_l2_root_before,none,0.4748343572622762,0.4748343572622762,0.5038516649400587,0.11512412965241962,0.12164507520994267,0.4712491738268341,0.5368623445292315,0.4712491738268341,0.5368623445292315,20.91
descriptor_processing_sift_keynet_pairs,359,honc_dsp_l2_root_none,none,0.46913426697813554,0.46913426697813554,0.49852516149483617,0.1140079467447242,0.12035909570985069,0.46512047106891785,0.5337379078291173,0.46512047106891785,0.5337379078291173,20.879
descriptor_processing_sift_keynet_pairs,352,honc_plain_l1_root_after,none,0.48546883793792267,0.48546883793792267,0.5066952766220114,0.17480897669709936,0.17520991236438507,0.46855728489323323,0.5455804002181482,0.46855728489323323,0.5455804002181482,47.191
descriptor_processing_sift_keynet_pairs,351,honc_plain_l1_root_before,none,0.4755710658007561,0.4755710658007561,0.49722527274861594,0.17181871111124217,0.17193528434770086,0.4577337752233922,0.5380291144019801,0.4577337752233922,0.5380291144019801,46.821
descriptor_processing_sift_keynet_pairs,350,honc_plain_l1_root_none,none,0.4755710658007561,0.4755710658007561,0.49722527274861594,0.17181871111124217,0.17193528434770086,0.4577337752233922,0.5380291144019801,0.4577337752233922,0.5380291144019801,46.486
descriptor_processing_sift_keynet_pairs,355,honc_plain_l2_root_after,none,0.48546883793792267,0.48546883793792267,0.5066952766220114,0.17480897669709936,0.17520991236438507,0.46855728489323323,0.5455804002181482,0.46855728489323323,0.5455804002181482,46.956
descriptor_processing_sift_keynet_pairs,354,honc_plain_l2_root_before,none,0.4755710658007561,0.4755710658007561,0.49722527274861594,0.17181871111124217,0.17193528434770086,0.4577337752233922,0.5380291144019801,0.4577337752233922,0.5380291144019801,47.094
descriptor_processing_sift_keynet_pairs,353,honc_plain_l2_root_none,none,0.4755710658007561,0.4755710658007561,0.49722527274861594,0.17181871111124217,0.17193528434770086,0.4577337752233922,0.5380291144019801,0.4577337752233922,0.5380291144019801,47.04
descriptor_processing_sift_keynet_pairs,364,honc_sift_stack_l1_root_after,stacking,0.5586787229414206,0.5586787229414206,0.5832198477355832,0.19932218397784332,0.20167130645496623,0.5543063304946092,0.6116121995217519,0.5543063304946092,0.6116121995217519,55.961
descriptor_processing_sift_keynet_pairs,363,honc_sift_stack_l1_root_before,stacking,0.5451821950085405,0.5451821950085405,0.5676163616377731,0.19449679820702473,0.19627578461390582,0.5378193564626421,0.5964676763015481,0.5378193564626421,0.5964676763015481,55.649
descriptor_processing_sift_keynet_pairs,362,honc_sift_stack_l1_root_none,stacking,0.5372156738538556,0.5372156738538556,0.5629108097285577,0.19273553388653164,0.19464865411619103,0.5313168603431639,0.5942022905566976,0.5313168603431639,0.5942022905566976,55.511
descriptor_processing_sift_keynet_pairs,367,honc_sift_stack_l2_root_after,stacking,0.5586787229414206,0.5586787229414206,0.5832198477355832,0.19932218397784332,0.20167130645496623,0.5543063304946092,0.6116121995217519,0.5543063304946092,0.6116121995217519,56.786
descriptor_processing_sift_keynet_pairs,366,honc_sift_stack_l2_root_before,stacking,0.5451821950085405,0.5451821950085405,0.5676163616377731,0.19449679820702473,0.19627578461390582,0.5378193564626421,0.5964676763015481,0.5378193564626421,0.5964676763015481,55.721
descriptor_processing_sift_keynet_pairs,365,honc_sift_stack_l2_root_none,stacking,0.5372156738538556,0.5372156738538556,0.5629108097285577,0.19273553388653164,0.19464865411619103,0.5313168603431639,0.5942022905566976,0.5313168603431639,0.5942022905566976,56.602
descriptor_processing_sift_keynet_pairs,340,rgbsift_dsp_l1_root_after,none,0.5531111863145546,0.5531111863145546,0.5885519710217145,0.13316331721171323,0.14209429830585907,0.5684071381361533,0.606981914318332,0.5684071381361533,0.606981914318332,28.547
descriptor_processing_sift_keynet_pairs,339,rgbsift_dsp_l1_root_before,none,0.5524887802120665,0.5524887802120665,0.5877839505226864,0.13300765447519605,0.14190887486108755,0.5673256023553446,0.606981914318332,0.5673256023553446,0.606981914318332,30.847
descriptor_processing_sift_keynet_pairs,338,rgbsift_dsp_l1_root_none,none,0.5387702045730925,0.5387702045730925,0.574641823470668,0.1302068548785105,0.13873596675161132,0.5512828216066815,0.5976686895391455,0.5512828216066815,0.5976686895391455,29.657
descriptor_processing_sift_keynet_pairs,343,rgbsift_dsp_l2_root_after,none,0.5531111863145546,0.5531111863145546,0.5885519710217145,0.13316331721171323,0.14209429830585907,0.5684071381361533,0.606981914318332,0.5684071381361533,0.606981914318332,28.298
descriptor_processing_sift_keynet_pairs,342,rgbsift_dsp_l2_root_before,none,0.5524887802120665,0.5524887802120665,0.5877839505226864,0.13300765447519605,0.14190887486108755,0.5673256023553446,0.606981914318332,0.5673256023553446,0.606981914318332,28.337
descriptor_processing_sift_keynet_pairs,341,rgbsift_dsp_l2_root_none,none,0.5387702045730925,0.5387702045730925,0.574641823470668,0.1302068548785105,0.13873596675161132,0.5512828216066815,0.5976686895391455,0.5512828216066815,0.5976686895391455,28.351
descriptor_processing_sift_keynet_pairs,334,rgbsift_plain_l1_root_after,none,0.5633143285839076,0.5633143285839076,0.5849312124064944,0.20066519610001954,0.20226307840913332,0.5570751352938709,0.6117380542853547,0.5570751352938709,0.6117380542853547,60.51
descriptor_processing_sift_keynet_pairs,333,rgbsift_plain_l1_root_before,none,0.5428914637606268,0.5428914637606268,0.5663438833765758,0.19452094419359933,0.19583577497711524,0.5357637286571296,0.5961320635986072,0.5357637286571296,0.5961320635986072,58.329
descriptor_processing_sift_keynet_pairs,332,rgbsift_plain_l1_root_none,none,0.5428914637606268,0.5428914637606268,0.5663438833765758,0.19452094419359933,0.19583577497711524,0.5357637286571296,0.5961320635986072,0.5357637286571296,0.5961320635986072,59.51
descriptor_processing_sift_keynet_pairs,337,rgbsift_plain_l2_root_after,none,0.5633143285839076,0.5633143285839076,0.5849312124064944,0.20066519610001954,0.20226307840913332,0.5570751352938709,0.6117380542853547,0.5570751352938709,0.6117380542853547,59.33
descriptor_processing_sift_keynet_pairs,336,rgbsift_plain_l2_root_before,none,0.5428914637606268,0.5428914637606268,0.5663438833765758,0.19452094419359933,0.19583577497711524,0.5357637286571296,0.5961320635986072,0.5357637286571296,0.5961320635986072,58.75
descriptor_processing_sift_keynet_pairs,335,rgbsift_plain_l2_root_none,none,0.5428914637606268,0.5428914637606268,0.5663438833765758,0.19452094419359933,0.19583577497711524,0.5357637286571296,0.5961320635986072,0.5357637286571296,0.5961320635986072,58.414
descriptor_processing_sift_keynet_pairs,322,sift_dsp_color_l1_root_after,none,0.5531111863145546,0.5531111863145546,0.5885519710217145,0.13316331721171323,0.14209429830585907,0.5684071381361533,0.606981914318332,0.5684071381361533,0.606981914318332,28.677
descriptor_processing_sift_keynet_pairs,321,sift_dsp_color_l1_root_before,none,0.5524887802120665,0.5524887802120665,0.5877839505226864,0.13300765447519605,0.14190887486108755,0.5673256023553446,0.606981914318332,0.5673256023553446,0.606981914318332,28.651
descriptor_processing_sift_keynet_pairs,320,sift_dsp_color_l1_root_none,none,0.5387702045730925,0.5387702045730925,0.574641823470668,0.1302068548785105,0.13873596675161132,0.5512828216066815,0.5976686895391455,0.5512828216066815,0.5976686895391455,28.303
descriptor_processing_sift_keynet_pairs,325,sift_dsp_color_l2_root_after,none,0.5531111863145546,0.5531111863145546,0.5885519710217145,0.13316331721171323,0.14209429830585907,0.5684071381361533,0.606981914318332,0.5684071381361533,0.606981914318332,28.474
descriptor_processing_sift_keynet_pairs,324,sift_dsp_color_l2_root_before,none,0.5524887802120665,0.5524887802120665,0.5877839505226864,0.13300765447519605,0.14190887486108755,0.5673256023553446,0.606981914318332,0.5673256023553446,0.606981914318332,29.076
descriptor_processing_sift_keynet_pairs,323,sift_dsp_color_l2_root_none,none,0.5387702045730925,0.5387702045730925,0.574641823470668,0.1302068548785105,0.13873596675161132,0.5512828216066815,0.5976686895391455,0.5512828216066815,0.5976686895391455,28.736
descriptor_processing_sift_keynet_pairs,316,sift_dsp_l1_root_after,none,0.5492961923096845,0.5492961923096845,0.5868047277667778,0.13258913599125535,0.14167246078512344,0.5669650904284084,0.6060205491798354,0.5669650904284084,0.6060205491798354,16.742
descriptor_processing_sift_keynet_pairs,315,sift_dsp_l1_root_before,none,0.5482533170630127,0.5482533170630127,0.5859439798163705,0.13237283127519991,0.14146465012089438,0.5659436399687556,0.6049990987201826,0.5659436399687556,0.6049990987201826,16.931
descriptor_processing_sift_keynet_pairs,314,sift_dsp_l1_root_none,none,0.53350485917361,0.53350485917361,0.5715221600343819,0.12936279850739293,0.13798278536958322,0.5475575316950069,0.5950249354082797,0.5475575316950069,0.5950249354082797,16.891
descriptor_processing_sift_keynet_pairs,319,sift_dsp_l2_root_after,none,0.5492961923096845,0.5492961923096845,0.5868047277667778,0.13258913599125535,0.14167246078512344,0.5669650904284084,0.6060205491798354,0.5669650904284084,0.6060205491798354,16.881
descriptor_processing_sift_keynet_pairs,318,sift_dsp_l2_root_before,none,0.5482533170630127,0.5482533170630127,0.5859439798163705,0.13237283127519991,0.14146465012089438,0.5659436399687556,0.6049990987201826,0.5659436399687556,0.6049990987201826,16.801
descriptor_processing_sift_keynet_pairs,317,sift_dsp_l2_root_none,none,0.53350485917361,0.53350485917361,0.5715221600343819,0.12936279850739293,0.13798278536958322,0.5475575316950069,0.5950249354082797,0.5475575316950069,0.5950249354082797,16.731
descriptor_processing_sift_keynet_pairs,328,sift_dsp_stack_l1_root_after,none,0.41111640635282964,0.41111640635282964,0.4570277971086515,0.10244728194816771,0.1103403732106954,0.4389833563660398,0.4689659316229045,0.4389833563660398,0.4689659316229045,21.47
descriptor_processing_sift_keynet_pairs,327,sift_dsp_stack_l1_root_before,none,0.2590325602285121,0.2590325602285121,0.314524313410998,0.10034409422231239,0.10875920880217538,0.30448462474304655,0.3203423249569996,0.30448462474304655,0.3203423249569996,30.228
descriptor_processing_sift_keynet_pairs,326,sift_dsp_stack_l1_root_none,none,0.28104924739008436,0.28104924739008436,0.3314200525360456,0.10764712115765408,0.11460157818672255,0.3118261526198767,0.3463942610227797,0.3118261526198767,0.3463942610227797,30.02
descriptor_processing_sift_keynet_pairs,331,sift_dsp_stack_l2_root_after,none,0.41111640635282964,0.41111640635282964,0.4570277971086515,0.10244728194816771,0.1103403732106954,0.4389833563660398,0.4689659316229045,0.4389833563660398,0.4689659316229045,21.502
descriptor_processing_sift_keynet_pairs,330,sift_dsp_stack_l2_root_before,none,0.2590325602285121,0.2590325602285121,0.314524313410998,0.10034409422231239,0.10875920880217538,0.30448462474304655,0.3203423249569996,0.30448462474304655,0.3203423249569996,30.827
descriptor_processing_sift_keynet_pairs,329,sift_dsp_stack_l2_root_none,none,0.28104924739008436,0.28104924739008436,0.3314200525360456,0.10764712115765408,0.11460157818672255,0.3118261526198767,0.3463942610227797,0.3118261526198767,0.3463942610227797,31.045
descriptor_processing_sift_keynet_pairs,310,sift_plain_color_l1_root_after,none,0.5346176240766178,0.5346176240766178,0.5601671702653279,0.1920655698244165,0.19369993236548375,0.5284222007802996,0.5912656794059655,0.5284222007802996,0.5912656794059655,24.699
descriptor_processing_sift_keynet_pairs,309,sift_plain_color_l1_root_before,none,0.5346176240766178,0.5346176240766178,0.5601671702653279,0.1920655698244165,0.19369993236548375,0.5284222007802996,0.5912656794059655,0.5284222007802996,0.5912656794059655,24.299
descriptor_processing_sift_keynet_pairs,308,sift_plain_color_l1_root_none,none,0.5346176240766178,0.5346176240766178,0.5601671702653279,0.1920655698244165,0.19369993236548375,0.5284222007802996,0.5912656794059655,0.5284222007802996,0.5912656794059655,24.631
descriptor_processing_sift_keynet_pairs,313,sift_plain_color_l2_root_after,none,0.5346176240766178,0.5346176240766178,0.5601671702653279,0.1920655698244165,0.19369993236548375,0.5284222007802996,0.5912656794059655,0.5284222007802996,0.5912656794059655,24.068
descriptor_processing_sift_keynet_pairs,312,sift_plain_color_l2_root_before,none,0.5346176240766178,0.5346176240766178,0.5601671702653279,0.1920655698244165,0.19369993236548375,0.5284222007802996,0.5912656794059655,0.5284222007802996,0.5912656794059655,24.064
descriptor_processing_sift_keynet_pairs,311,sift_plain_color_l2_root_none,none,0.5346176240766178,0.5346176240766178,0.5601671702653279,0.1920655698244165,0.19369993236548375,0.5284222007802996,0.5912656794059655,0.5284222007802996,0.5912656794059655,24.196
descriptor_processing_sift_keynet_pairs,304,sift_plain_l1_root_after,none,0.5346176240766178,0.5346176240766178,0.5601671702653279,0.1920655698244165,0.19369993236548375,0.5284222007802996,0.5912656794059655,0.5284222007802996,0.5912656794059655,24.893
descriptor_processing_sift_keynet_pairs,303,sift_plain_l1_root_before,none,0.5346176240766178,0.5346176240766178,0.5601671702653279,0.1920655698244165,0.19369993236548375,0.5284222007802996,0.5912656794059655,0.5284222007802996,0.5912656794059655,24.7
descriptor_processing_sift_keynet_pairs,302,sift_plain_l1_root_none,none,0.5346176240766178,0.5346176240766178,0.5601671702653279,0.1920655698244165,0.19369993236548375,0.5284222007802996,0.5912656794059655,0.5284222007802996,0.5912656794059655,24.765
descriptor_processing_sift_keynet_pairs,307,sift_plain_l2_root_after,none,0.5346176240766178,0.5346176240766178,0.5601671702653279,0.1920655698244165,0.19369993236548375,0.5284222007802996,0.5912656794059655,0.5284222007802996,0.5912656794059655,24.492
descriptor_processing_sift_keynet_pairs,306,sift_plain_l2_root_before,none,0.5346176240766178,0.5346176240766178,0.5601671702653279,0.1920655698244165,0.19369993236548375,0.5284222007802996,0.5912656794059655,0.5284222007802996,0.5912656794059655,24.686
descriptor_processing_sift_keynet_pairs,305,sift_plain_l2_root_none,none,0.5346176240766178,0.5346176240766178,0.5601671702653279,0.1920655698244165,0.19369993236548375,0.5284222007802996,0.5912656794059655,0.5284222007802996,0.5912656794059655,24.721
descriptor_processing_sift_keynet_pairs,346,sift_rgb_stack_l1_root_after,stacking,0.5559904187994601,0.5559904187994601,0.5804953037472131,0.19863120356753694,0.20072918771918938,0.5514536225196124,0.6088853463103578,0.5514536225196124,0.6088853463103578,68.711
descriptor_processing_sift_keynet_pairs,345,sift_rgb_stack_l1_root_before,stacking,0.5558579222347168,0.5558579222347168,0.5803907229205936,0.19859336298111918,0.2006930247662028,0.5513277677560096,0.6087175399588874,0.5513277677560096,0.6087175399588874,67.614
descriptor_processing_sift_keynet_pairs,344,sift_rgb_stack_l1_root_none,stacking,0.5346881989573186,0.5346881989573186,0.5602030171872671,0.19208650459179832,0.19371232785512274,0.5284641523681671,0.5914334857574359,0.5284641523681671,0.5914334857574359,67.701
descriptor_processing_sift_keynet_pairs,349,sift_rgb_stack_l2_root_after,stacking,0.5559904187994601,0.5559904187994601,0.5804953037472131,0.19863120356753694,0.20072918771918938,0.5514536225196124,0.6088853463103578,0.5514536225196124,0.6088853463103578,68.192
descriptor_processing_sift_keynet_pairs,348,sift_rgb_stack_l2_root_before,stacking,0.5558579222347168,0.5558579222347168,0.5803907229205936,0.19859336298111918,0.2006930247662028,0.5513277677560096,0.6087175399588874,0.5513277677560096,0.6087175399588874,68.215
descriptor_processing_sift_keynet_pairs,347,sift_rgb_stack_l2_root_none,stacking,0.5346881989573186,0.5346881989573186,0.5602030171872671,0.19208650459179832,0.19371232785512274,0.5284641523681671,0.5914334857574359,0.5284641523681671,0.5914334857574359,68.212
descriptor_processing_sift_keynet_pairs,385,vgg_color_dsp_l1_root_after,domain_size_pooling,0.5294224635251529,0.5294224635251529,0.5580530518870761,0.19108328944066214,0.1929688924034559,0.5232621554725846,0.5929437429206695,0.5232621554725846,0.5929437429206695,61.527
descriptor_processing_sift_keynet_pairs,383,vgg_color_dsp_l1_root_before,domain_size_pooling,0.5366324457533364,0.5366324457533364,0.5644652625874412,0.19324947089643132,0.1951861676114722,0.53068758652515,0.5988589168100013,0.53068758652515,0.5988589168100013,62.088
descriptor_processing_sift_keynet_pairs,381,vgg_color_dsp_l1_root_none,domain_size_pooling,0.54346369431809,0.54346369431809,0.570884683249654,0.19551285503816027,0.1974059359486763,0.5380291144019801,0.6043965264085246,0.5380291144019801,0.6043965264085246,61.198
descriptor_processing_sift_keynet_pairs,391,vgg_color_dsp_l2_root_after,domain_size_pooling,0.5294224635251529,0.5294224635251529,0.5580530518870761,0.19108328944066214,0.1929688924034559,0.5232621554725846,0.5929437429206695,0.5232621554725846,0.5929437429206695,61.524
descriptor_processing_sift_keynet_pairs,389,vgg_color_dsp_l2_root_before,domain_size_pooling,0.5366324457533364,0.5366324457533364,0.5644652625874412,0.19324947089643132,0.1951861676114722,0.53068758652515,0.5988589168100013,0.53068758652515,0.5988589168100013,61.942
descriptor_processing_sift_keynet_pairs,387,vgg_color_dsp_l2_root_none,domain_size_pooling,0.54346369431809,0.54346369431809,0.570884683249654,0.19551285503816027,0.1974059359486763,0.5380291144019801,0.6043965264085246,0.5380291144019801,0.6043965264085246,61.46
descriptor_processing_sift_keynet_pairs,373,vgg_color_plain_l1_root_after,none,0.5310227554051986,0.5310227554051986,0.5606638131625225,0.19183992772593284,0.19387166627047286,0.5259470570961111,0.594999370726182,0.5259470570961111,0.594999370726182,32.999
descriptor_processing_sift_keynet_pairs,371,vgg_color_plain_l1_root_before,none,0.5310227554051986,0.5310227554051986,0.5606638131625225,0.19183992772593284,0.19387166627047286,0.5259470570961111,0.594999370726182,0.5259470570961111,0.594999370726182,32.877
descriptor_processing_sift_keynet_pairs,369,vgg_color_plain_l1_root_none,none,0.5310227554051986,0.5310227554051986,0.5606638131625225,0.19183992772593284,0.19387166627047286,0.5259470570961111,0.594999370726182,0.5259470570961111,0.594999370726182,32.921
descriptor_processing_sift_keynet_pairs,379,vgg_color_plain_l2_root_after,none,0.5310227554051986,0.5310227554051986,0.5606638131625225,0.19183992772593284,0.19387166627047286,0.5259470570961111,0.594999370726182,0.5259470570961111,0.594999370726182,32.772
descriptor_processing_sift_keynet_pairs,377,vgg_color_plain_l2_root_before,none,0.5310227554051986,0.5310227554051986,0.5606638131625225,0.19183992772593284,0.19387166627047286,0.5259470570961111,0.594999370726182,0.5259470570961111,0.594999370726182,32.822
descriptor_processing_sift_keynet_pairs,375,vgg_color_plain_l2_root_none,none,0.5310227554051986,0.5310227554051986,0.5606638131625225,0.19183992772593284,0.19387166627047286,0.5259470570961111,0.594999370726182,0.5259470570961111,0.594999370726182,32.795
descriptor_processing_sift_keynet_pairs,384,vgg_gray_dsp_l1_root_after,domain_size_pooling,0.5294486361447802,0.5294486361447802,0.5581474730942678,0.1910744390339573,0.19300154226659985,0.5234719134119227,0.5933213072114779,0.5234719134119227,0.5933213072114779,61.427
descriptor_processing_sift_keynet_pairs,382,vgg_gray_dsp_l1_root_before,domain_size_pooling,0.5367178491183355,0.5367178491183355,0.5644710589341304,0.19326502869766984,0.19518817192736443,0.53068758652515,0.5988169652221337,0.53068758652515,0.5988169652221337,61.36
descriptor_processing_sift_keynet_pairs,380,vgg_gray_dsp_l1_root_none,domain_size_pooling,0.5437170830528718,0.5437170830528718,0.5709191259497632,0.1955507117261419,0.1974178458731342,0.5380710659898477,0.6040609137055838,0.5380710659898477,0.6040609137055838,61.266
descriptor_processing_sift_keynet_pairs,390,vgg_gray_dsp_l2_root_after,domain_size_pooling,0.5294486361447802,0.5294486361447802,0.5581474730942678,0.1910744390339573,0.19300154226659985,0.5234719134119227,0.5933213072114779,0.5234719134119227,0.5933213072114779,61.13
descriptor_processing_sift_keynet_pairs,388,vgg_gray_dsp_l2_root_before,domain_size_pooling,0.5367178491183355,0.5367178491183355,0.5644710589341304,0.19326502869766984,0.19518817192736443,0.53068758652515,0.5988169652221337,0.53068758652515,0.5988169652221337,61.498
descriptor_processing_sift_keynet_pairs,386,vgg_gray_dsp_l2_root_none,domain_size_pooling,0.5437170830528718,0.5437170830528718,0.5709191259497632,0.1955507117261419,0.1974178458731342,0.5380710659898477,0.6040609137055838,0.5380710659898477,0.6040609137055838,61.099
descriptor_processing_sift_keynet_pairs,372,vgg_gray_plain_l1_root_after,none,0.5310227554051986,0.5310227554051986,0.5606638131625225,0.19183992772593284,0.19387166627047286,0.5259470570961111,0.594999370726182,0.5259470570961111,0.594999370726182,33.069
descriptor_processing_sift_keynet_pairs,370,vgg_gray_plain_l1_root_before,none,0.5310227554051986,0.5310227554051986,0.5606638131625225,0.19183992772593284,0.19387166627047286,0.5259470570961111,0.594999370726182,0.5259470570961111,0.594999370726182,32.975
descriptor_processing_sift_keynet_pairs,368,vgg_gray_plain_l1_root_none,none,0.5310227554051986,0.5310227554051986,0.5606638131625225,0.19183992772593284,0.19387166627047286,0.5259470570961111,0.594999370726182,0.5259470570961111,0.594999370726182,32.868
descriptor_processing_sift_keynet_pairs,378,vgg_gray_plain_l2_root_after,none,0.5310227554051986,0.5310227554051986,0.5606638131625225,0.19183992772593284,0.19387166627047286,0.5259470570961111,0.594999370726182,0.5259470570961111,0.594999370726182,32.771
descriptor_processing_sift_keynet_pairs,376,vgg_gray_plain_l2_root_before,none,0.5310227554051986,0.5310227554051986,0.5606638131625225,0.19183992772593284,0.19387166627047286,0.5259470570961111,0.594999370726182,0.5259470570961111,0.594999370726182,32.921
descriptor_processing_sift_keynet_pairs,374,vgg_gray_plain_l2_root_none,none,0.5310227554051986,0.5310227554051986,0.5606638131625225,0.19183992772593284,0.19387166627047286,0.5259470570961111,0.594999370726182,0.5259470570961111,0.594999370726182,32.984
dsp_aggregation_comparison,149,dspsift_baseline,none,0.5724626373354458,0.5724626373354458,0.5956735670536689,0.20337344421984208,0.20597767197879605,0.567143516382095,0.6238201115912237,0.567143516382095,0.6238201115912237,52.316
dsp_aggregation_comparison,150,sift_pyramid_dsp_average,domain_size_pooling,0.5392392390857476,0.5392392390857476,0.5642261231968801,0.19339445005737013,0.19510347571834383,0.5326593111549273,0.5953769350169904,0.5326593111549273,0.5953769350169904,51.808
dsp_aggregation_comparison,153,sift_pyramid_dsp_concat,domain_size_pooling,0.544930302573288,0.544930302573288,0.5701981747424085,0.19521398726126407,0.19716854850706886,0.5395813231530814,0.6002013676217645,0.5395813231530814,0.6002013676217645,58.472
dsp_aggregation_comparison,151,sift_pyramid_dsp_max,domain_size_pooling,0.5499495062527718,0.5499495062527718,0.5752320230351305,0.19674271829567427,0.19890920045098148,0.5445735621093258,0.6048160422872005,0.5445735621093258,0.6048160422872005,51.885
dsp_aggregation_comparison,152,sift_pyramid_dsp_min,domain_size_pooling,0.5081299211215131,0.5081299211215131,0.5345594950879746,0.18356684399635279,0.18484506686606297,0.500314636909007,0.5686537735453286,0.500314636909007,0.5686537735453286,51.753
dsp_color_descriptors_v2,168,dsphonc_v2_max,none,0.0,0.0,0.0,0.0,0.0,0.0,0.0,0.0,0.0,0.259
dsp_color_descriptors_v2,180,dsphonc_v2_max,none,0.0,0.0,0.0,0.0,0.0,0.0,0.0,0.0,0.0,0.257
dsp_color_descriptors_v2,191,dsphonc_v2_max,none,0.0,0.0,0.0,0.0,0.0,0.0,0.0,0.0,0.0,0.26
dsp_color_descriptors_v2,198,dsphonc_v2_max,none,0.0,0.0,0.0,0.0,0.0,0.0,0.0,0.0,0.0,0.26
dsp_color_descriptors_v2,207,dsphonc_v2_max,none,0.0,0.0,0.0,0.0,0.0,0.0,0.0,0.0,0.0,0.266
dsp_color_descriptors_v2,219,dsphonc_v2_max,none,0.4936993303550199,0.4936993303550199,0.5146817809918989,0.17640275321197893,0.17797156181190824,0.4766958929395478,0.5532994923857868,0.4766958929395478,0.5532994923857868,60.623
dsp_color_descriptors_v2,169,dsphonc_v2_rootsift_max,none,0.0,0.0,0.0,0.0,0.0,0.0,0.0,0.0,0.0,0.262
dsp_color_descriptors_v2,181,dsphonc_v2_rootsift_max,none,0.0,0.0,0.0,0.0,0.0,0.0,0.0,0.0,0.0,0.261
dsp_color_descriptors_v2,192,dsphonc_v2_rootsift_max,none,0.0,0.0,0.0,0.0,0.0,0.0,0.0,0.0,0.0,0.258
dsp_color_descriptors_v2,199,dsphonc_v2_rootsift_max,none,0.0,0.0,0.0,0.0,0.0,0.0,0.0,0.0,0.0,0.261
dsp_color_descriptors_v2,208,dsphonc_v2_rootsift_max,none,0.0,0.0,0.0,0.0,0.0,0.0,0.0,0.0,0.0,0.263
dsp_color_descriptors_v2,220,dsphonc_v2_rootsift_max,none,0.5014496433113838,0.5014496433113838,0.5203898888377316,0.17843471082381554,0.17994536563755725,0.4832822922347611,0.5580819734026933,0.4832822922347611,0.5580819734026933,60.67
dsp_color_descriptors_v2,166,dsphowh_v2_max,none,0.0,0.0,0.0,0.0,0.0,0.0,0.0,0.0,0.0,0.26
dsp_color_descriptors_v2,178,dsphowh_v2_max,none,0.0,0.0,0.0,0.0,0.0,0.0,0.0,0.0,0.0,0.258
dsp_color_descriptors_v2,189,dsphowh_v2_max,none,0.0,0.0,0.0,0.0,0.0,0.0,0.0,0.0,0.0,0.26
dsp_color_descriptors_v2,196,dsphowh_v2_max,none,0.0,0.0,0.0,0.0,0.0,0.0,0.0,0.0,0.0,0.263
dsp_color_descriptors_v2,205,dsphowh_v2_max,none,0.0,0.0,0.0,0.0,0.0,0.0,0.0,0.0,0.0,0.266
dsp_color_descriptors_v2,217,dsphowh_v2_max,none,0.2571675616901861,0.2571675616901861,0.2545136920333385,0.08914743627333889,0.08800816532963936,0.21944875613541973,0.28443176574233336,0.21944875613541973,0.28443176574233336,60.388
dsp_color_descriptors_v2,167,dsphowh_v2_rootsift_max,none,0.0,0.0,0.0,0.0,0.0,0.0,0.0,0.0,0.0,0.261
dsp_color_descriptors_v2,179,dsphowh_v2_rootsift_max,none,0.0,0.0,0.0,0.0,0.0,0.0,0.0,0.0,0.0,0.259
dsp_color_descriptors_v2,190,dsphowh_v2_rootsift_max,none,0.0,0.0,0.0,0.0,0.0,0.0,0.0,0.0,0.0,0.257
dsp_color_descriptors_v2,197,dsphowh_v2_rootsift_max,none,0.0,0.0,0.0,0.0,0.0,0.0,0.0,0.0,0.0,0.261
dsp_color_descriptors_v2,206,dsphowh_v2_rootsift_max,none,0.0,0.0,0.0,0.0,0.0,0.0,0.0,0.0,0.0,0.265
dsp_color_descriptors_v2,218,dsphowh_v2_rootsift_max,none,0.26894680457875714,0.26894680457875714,0.2642869116942607,0.0930881695526487,0.09138764218548043,0.22792297688467508,0.29542308176364473,0.22792297688467508,0.29542308176364473,60.571
dsp_color_descriptors_v2,164,dsprgbsift_v2_max,none,0.0,0.0,0.0,0.0,0.0,0.0,0.0,0.0,0.0,0.26
dsp_color_descriptors_v2,176,dsprgbsift_v2_max,none,0.0,0.0,0.0,0.0,0.0,0.0,0.0,0.0,0.0,0.258
dsp_color_descriptors_v2,187,dsprgbsift_v2_max,none,0.0,0.0,0.0,0.0,0.0,0.0,0.0,0.0,0.0,0.261
dsp_color_descriptors_v2,194,dsprgbsift_v2_max,none,0.0,0.0,0.0,0.0,0.0,0.0,0.0,0.0,0.0,0.261
dsp_color_descriptors_v2,203,dsprgbsift_v2_max,none,0.0,0.0,0.0,0.0,0.0,0.0,0.0,0.0,0.0,0.266
dsp_color_descriptors_v2,212,dsprgbsift_v2_max,none,0.5893573850860966,0.5893573850860966,0.6078010307572681,0.20810289338912547,0.21017122173295133,0.5791416705122289,0.6363636363636364,0.5791416705122289,0.6363636363636364,71.019
dsp_color_descriptors_v2,215,dsprgbsift_v2_max,none,0.5893573850860966,0.5893573850860966,0.6078010307572681,0.20810289338912547,0.21017122173295133,0.5791416705122289,0.6363636363636364,0.5791416705122289,0.6363636363636364,71.064
dsp_color_descriptors_v2,165,dsprgbsift_v2_rootsift_max,none,0.0,0.0,0.0,0.0,0.0,0.0,0.0,0.0,0.0,0.261
dsp_color_descriptors_v2,177,dsprgbsift_v2_rootsift_max,none,0.0,0.0,0.0,0.0,0.0,0.0,0.0,0.0,0.0,0.261
dsp_color_descriptors_v2,188,dsprgbsift_v2_rootsift_max,none,0.0,0.0,0.0,0.0,0.0,0.0,0.0,0.0,0.0,0.259
dsp_color_descriptors_v2,195,dsprgbsift_v2_rootsift_max,none,0.0,0.0,0.0,0.0,0.0,0.0,0.0,0.0,0.0,0.265
dsp_color_descriptors_v2,204,dsprgbsift_v2_rootsift_max,none,0.0,0.0,0.0,0.0,0.0,0.0,0.0,0.0,0.0,0.266
dsp_color_descriptors_v2,216,dsprgbsift_v2_rootsift_max,none,0.6040418963916058,0.6040418963916058,0.620316629066399,0.21233205589825652,0.214498984362889,0.5937827746780215,0.6462222595125225,0.5937827746780215,0.6462222595125225,71.183
dsp_color_descriptors_v2,163,dspsift_v2_baseline,none,0.5824645563204085,0.5824645563204085,0.6035511767166748,0.20629837067214044,0.20870166677878257,0.5749045601376012,0.6323362839283467,0.5749045601376012,0.6323362839283467,45.954
dsp_color_descriptors_v2,175,dspsift_v2_baseline,none,0.5824645563204085,0.5824645563204085,0.6035511767166748,0.20629837067214044,0.20870166677878257,0.5749045601376012,0.6323362839283467,0.5749045601376012,0.6323362839283467,46.007
dsp_color_descriptors_v2,186,dspsift_v2_baseline,none,0.5824645563204085,0.5824645563204085,0.6035511767166748,0.20629837067214044,0.20870166677878257,0.5749045601376012,0.6323362839283467,0.5749045601376012,0.6323362839283467,45.86
dsp_color_descriptors_v2,193,dspsift_v2_baseline,none,0.5824645563204085,0.5824645563204085,0.6035511767166748,0.20629837067214044,0.20870166677878257,0.5749045601376012,0.6323362839283467,0.5749045601376012,0.6323362839283467,46.767
dsp_color_descriptors_v2,200,dspsift_v2_baseline,none,0.5824645563204085,0.5824645563204085,0.6035511767166748,0.20629837067214044,0.20870166677878257,0.5749045601376012,0.6323362839283467,0.5749045601376012,0.6323362839283467,46.068
dsp_color_descriptors_v2,202,dspsift_v2_baseline,none,0.5824645563204085,0.5824645563204085,0.6035511767166748,0.20629837067214044,0.20870166677878257,0.5749045601376012,0.6323362839283467,0.5749045601376012,0.6323362839283467,45.994
dsp_color_descriptors_v2,209,dspsift_v2_baseline,none,0.5824645563204085,0.5824645563204085,0.6035511767166748,0.20629837067214044,0.20870166677878257,0.5749045601376012,0.6323362839283467,0.5749045601376012,0.6323362839283467,47.165
dsp_color_descriptors_v2,211,dspsift_v2_baseline,none,0.5824645563204085,0.5824645563204085,0.6035511767166748,0.20629837067214044,0.20870166677878257,0.5749045601376012,0.6323362839283467,0.5749045601376012,0.6323362839283467,45.476
dsp_color_descriptors_v2,214,dspsift_v2_baseline,none,0.5824645563204085,0.5824645563204085,0.6035511767166748,0.20629837067214044,0.20870166677878257,0.5749045601376012,0.6323362839283467,0.5749045601376012,0.6323362839283467,45.451
dsp_pyramid_comparison,148,dspsift_baseline_grayscale_none_l2,none,0.5724626373354458,0.5724626373354458,0.5956735670536689,0.20337344421984208,0.20597767197879605,0.567143516382095,0.6238201115912237,0.567143516382095,0.6238201115912237,52.136
dsp_pyramid_comparison,147,sift_pyramid_dsp_grayscale_l2,domain_size_pooling,0.5392392390857476,0.5392392390857476,0.5642261231968801,0.19339445005737013,0.19510347571834383,0.5326593111549273,0.5953769350169904,0.5326593111549273,0.5953769350169904,56.681
dspsift_systematic_analysis,37,dspsift_baseline_color_dsp_l2,domain_size_pooling,0.5715257812757916,0.5715257812757916,0.5950333969715389,0.20306491986598682,0.2057563078785896,0.566514242564081,0.6226874187187985,0.566514242564081,0.6226874187187985,125.036
dspsift_systematic_analysis,79,dspsift_baseline_color_none_l2,none,0.5724626373354458,0.5724626373354458,0.5956735670536689,0.20337344421984208,0.20597767197879605,0.567143516382095,0.6238201115912237,0.567143516382095,0.6238201115912237,56.476
dspsift_systematic_analysis,121,dspsift_baseline_color_none_l2,none,0.5724626373354458,0.5724626373354458,0.5956735670536689,0.20337344421984208,0.20597767197879605,0.567143516382095,0.6238201115912237,0.567143516382095,0.6238201115912237,56.461
dspsift_systematic_analysis,38,dspsift_baseline_grayscale_dsp_l1,domain_size_pooling,0.571449266896752,0.571449266896752,0.5949733976609543,0.20304522007207512,0.20573556074627064,0.5664303393883459,0.6226035155430633,0.5664303393883459,0.6226035155430633,118.16
dspsift_systematic_analysis,36,dspsift_baseline_grayscale_dsp_l2,domain_size_pooling,0.571449266896752,0.571449266896752,0.5949733976609543,0.20304522007207512,0.20573556074627064,0.5664303393883459,0.6226035155430633,0.5664303393883459,0.6226035155430633,118.709
dspsift_systematic_analysis,80,dspsift_baseline_grayscale_none_l1,none,0.5724626373354458,0.5724626373354458,0.5956735670536689,0.20337344421984208,0.20597767197879605,0.567143516382095,0.6238201115912237,0.567143516382095,0.6238201115912237,50.321
dspsift_systematic_analysis,122,dspsift_baseline_grayscale_none_l1,none,0.5724626373354458,0.5724626373354458,0.5956735670536689,0.20337344421984208,0.20597767197879605,0.567143516382095,0.6238201115912237,0.567143516382095,0.6238201115912237,50.008
dspsift_systematic_analysis,78,dspsift_baseline_grayscale_none_l2,none,0.5724626373354458,0.5724626373354458,0.5956735670536689,0.20337344421984208,0.20597767197879605,0.567143516382095,0.6238201115912237,0.567143516382095,0.6238201115912237,50.362
dspsift_systematic_analysis,120,dspsift_baseline_grayscale_none_l2,none,0.5724626373354458,0.5724626373354458,0.5956735670536689,0.20337344421984208,0.20597767197879605,0.567143516382095,0.6238201115912237,0.567143516382095,0.6238201115912237,50.15
dspsift_systematic_analysis,39,dspsift_color_dsp_l1,domain_size_pooling,0.5715257812757916,0.5715257812757916,0.5950333969715389,0.20306491986598682,0.2057563078785896,0.566514242564081,0.6226874187187985,0.566514242564081,0.6226874187187985,125.001
dspsift_systematic_analysis,81,dspsift_color_none_l1,none,0.5724626373354458,0.5724626373354458,0.5956735670536689,0.20337344421984208,0.20597767197879605,0.567143516382095,0.6238201115912237,0.567143516382095,0.6238201115912237,56.632
dspsift_systematic_analysis,123,dspsift_color_none_l1,none,0.5724626373354458,0.5724626373354458,0.5956735670536689,0.20337344421984208,0.20597767197879605,0.567143516382095,0.6238201115912237,0.567143516382095,0.6238201115912237,56.314
dspsift_systematic_analysis,41,dspsift_color_stacking_l2,stacking,0.5615566110178255,0.5615566110178255,0.5866043317084211,0.20033104136447655,0.20284162551582846,0.5580400218148257,0.6140873432059404,0.5580400218148257,0.6140873432059404,66.485
dspsift_systematic_analysis,83,dspsift_color_stacking_l2,stacking,0.5615566110178255,0.5615566110178255,0.5866043317084211,0.20033104136447655,0.20284162551582846,0.5580400218148257,0.6140873432059404,0.5580400218148257,0.6140873432059404,65.227
dspsift_systematic_analysis,125,dspsift_color_stacking_l2,stacking,0.5615566110178255,0.5615566110178255,0.5866043317084211,0.20033104136447655,0.20284162551582846,0.5580400218148257,0.6140873432059404,0.5580400218148257,0.6140873432059404,64.706
dspsift_systematic_analysis,40,dspsift_grayscale_stacking_l2,stacking,0.5615566110178255,0.5615566110178255,0.5866043317084211,0.20033104136447655,0.20284162551582846,0.5580400218148257,0.6140873432059404,0.5580400218148257,0.6140873432059404,59.986
dspsift_systematic_analysis,82,dspsift_grayscale_stacking_l2,stacking,0.5615566110178255,0.5615566110178255,0.5866043317084211,0.20033104136447655,0.20284162551582846,0.5580400218148257,0.6140873432059404,0.5580400218148257,0.6140873432059404,58.718
dspsift_systematic_analysis,124,dspsift_grayscale_stacking_l2,stacking,0.5615566110178255,0.5615566110178255,0.5866043317084211,0.20033104136447655,0.20284162551582846,0.5580400218148257,0.6140873432059404,0.5580400218148257,0.6140873432059404,58.731
dspsift_systematic_analysis_keynet_sift_pairs,279,dspsift_baseline_color_none_l2,none,0.47100798546642336,0.47100798546642336,0.47562552204517794,0.20350854702733231,0.2055121752322865,0.3675216544685423,0.5966561471832404,0.3675216544685423,0.5966561471832404,69.75
dspsift_systematic_analysis_keynet_sift_pairs,280,dspsift_baseline_grayscale_none_l1,none,0.4566152321348,0.4566152321348,0.46490043572106254,0.19774921997642347,0.2008779919980789,0.36057208084334924,0.5798697374605519,0.36057208084334924,0.5798697374605519,43.635
dspsift_systematic_analysis_keynet_sift_pairs,278,dspsift_baseline_grayscale_none_l2,none,0.4566152321348,0.4566152321348,0.46490043572106254,0.19774921997642347,0.2008779919980789,0.36057208084334924,0.5798697374605519,0.36057208084334924,0.5798697374605519,43.758
dspsift_systematic_analysis_keynet_sift_pairs,281,dspsift_color_none_l1,none,0.47100798546642336,0.47100798546642336,0.47562552204517794,0.20350854702733231,0.2055121752322865,0.3675216544685423,0.5966561471832404,0.3675216544685423,0.5966561471832404,69.523
dspsift_systematic_analysis_keynet_sift_pairs,283,dspsift_color_stacking_l2,none,0.4912222371889889,0.4912222371889889,0.4970615976340838,0.21368213772779676,0.2147744505277264,0.39773719196938156,0.6059558181696099,0.39773719196938156,0.6059558181696099,88.029
dspsift_systematic_analysis_keynet_sift_pairs,282,dspsift_grayscale_stacking_l2,none,0.4790259625550172,0.4790259625550172,0.48650148799715565,0.20881533827294782,0.21021155177316717,0.3885046666219029,0.5940038944470557,0.3885046666219029,0.5940038944470557,49.543
dspsift_systematic_analysis_sift_keynet_pairs,273,dspsift_baseline_color_none_l2,none,0.5844896095390354,0.5844896095390354,0.6031547769938703,0.20659373216870555,0.20856459591213297,0.5745689474346604,0.6317909132860678,0.5745689474346604,0.6317909132860678,65.307
dspsift_systematic_analysis_sift_keynet_pairs,274,dspsift_baseline_grayscale_none_l1,none,0.5775782665287467,0.5775782665287467,0.5990994713695514,0.2047769428853096,0.2071623137598607,0.5698284180056216,0.6288123505474682,0.5698284180056216,0.6288123505474682,41.381
dspsift_systematic_analysis_sift_keynet_pairs,272,dspsift_baseline_grayscale_none_l2,none,0.5775782665287467,0.5775782665287467,0.5990994713695514,0.2047769428853096,0.2071623137598607,0.5698284180056216,0.6288123505474682,0.5698284180056216,0.6288123505474682,41.505
dspsift_systematic_analysis_sift_keynet_pairs,275,dspsift_color_none_l1,none,0.5844896095390354,0.5844896095390354,0.6031547769938703,0.20659373216870555,0.20856459591213297,0.5745689474346604,0.6317909132860678,0.5745689474346604,0.6317909132860678,65.059
dspsift_systematic_analysis_sift_keynet_pairs,277,dspsift_color_stacking_l2,none,0.47577965180244647,0.47577965180244647,0.5068133676056976,0.17341332299183124,0.1752507469879889,0.4762763770608718,0.5347149389604396,0.4762763770608718,0.5347149389604396,84.322
dspsift_systematic_analysis_sift_keynet_pairs,276,dspsift_grayscale_stacking_l2,none,0.4714629709248595,0.4714629709248595,0.5034222710518975,0.17221500602879128,0.17407814136598362,0.47140999286823004,0.532575407979192,0.47140999286823004,0.532575407979192,47.801
honc_systematic_analysis,24,honc_baseline_color_none_l1,none,0.47557106592650217,0.47557106592650217,0.49722527299878944,0.17181871116422176,0.17193528443420822,0.4577337752233922,0.5380291144019801,0.4577337752233922,0.5380291144019801,68.863
honc_systematic_analysis,66,honc_baseline_color_none_l1,none,0.47557106592650217,0.47557106592650217,0.49722527299878944,0.17181871116422176,0.17193528443420822,0.4577337752233922,0.5380291144019801,0.4577337752233922,0.5380291144019801,67.247
honc_systematic_analysis,108,honc_baseline_color_none_l1,none,0.47557106592650217,0.47557106592650217,0.49722527299878944,0.17181871116422176,0.17193528443420822,0.4577337752233922,0.5380291144019801,0.4577337752233922,0.5380291144019801,67.09
honc_systematic_analysis,21,honc_baseline_color_none_l2,none,0.47557106592650217,0.47557106592650217,0.49722527299878944,0.17181871116422176,0.17193528443420822,0.4577337752233922,0.5380291144019801,0.4577337752233922,0.5380291144019801,67.908
honc_systematic_analysis,63,honc_baseline_color_none_l2,none,0.47557106592650217,0.47557106592650217,0.49722527299878944,0.17181871116422176,0.17193528443420822,0.4577337752233922,0.5380291144019801,0.4577337752233922,0.5380291144019801,67.295
honc_systematic_analysis,105,honc_baseline_color_none_l2,none,0.47557106592650217,0.47557106592650217,0.49722527299878944,0.17181871116422176,0.17193528443420822,0.4577337752233922,0.5380291144019801,0.4577337752233922,0.5380291144019801,67.808
honc_systematic_analysis,25,honc_color_dsp_l1,domain_size_pooling,0.48477337465428577,0.48477337465428577,0.5064145756773378,0.17475514586252486,0.17511284892174803,0.46864118806896843,0.5449930779880019,0.46864118806896843,0.5449930779880019,248.327
honc_systematic_analysis,67,honc_color_dsp_l1,domain_size_pooling,0.4783897700421445,0.4783897700421445,0.5001654576311043,0.17274619151752504,0.17295196944299174,0.4616772244829467,0.5390779040986702,0.4616772244829467,0.5390779040986702,135.456
honc_systematic_analysis,109,honc_color_dsp_l1,domain_size_pooling,0.4713821675883841,0.4713821675883841,0.49357920449554776,0.16996393900648013,0.1706745121862678,0.4531191005579561,0.5358056802449973,0.4531191005579561,0.5358056802449973,123.968
honc_systematic_analysis,22,honc_color_dsp_l2,domain_size_pooling,0.48477337465428577,0.48477337465428577,0.5064145756773378,0.17475514586252486,0.17511284892174803,0.46864118806896843,0.5449930779880019,0.46864118806896843,0.5449930779880019,249.91
honc_systematic_analysis,64,honc_color_dsp_l2,domain_size_pooling,0.4783897700421445,0.4783897700421445,0.5001654576311043,0.17274619151752504,0.17295196944299174,0.4616772244829467,0.5390779040986702,0.4616772244829467,0.5390779040986702,132.712
honc_systematic_analysis,106,honc_color_dsp_l2,domain_size_pooling,0.4713821675883841,0.4713821675883841,0.49357920449554776,0.16996393900648013,0.1706745121862678,0.4531191005579561,0.5358056802449973,0.4531191005579561,0.5358056802449973,124.266
honc_systematic_analysis,26,honc_color_stacking_l1,stacking,0.5443738991447739,0.5443738991447739,0.5678127593501838,0.19465687357744413,0.19634369688301057,0.5373578889960985,0.5966354826530185,0.5373578889960985,0.5966354826530185,79.072
honc_systematic_analysis,68,honc_color_stacking_l1,stacking,0.5443738991447739,0.5443738991447739,0.5678127593501838,0.19465687357744413,0.19634369688301057,0.5373578889960985,0.5966354826530185,0.5373578889960985,0.5966354826530185,77.185
honc_systematic_analysis,110,honc_color_stacking_l1,stacking,0.5443738991447739,0.5443738991447739,0.5678127593501838,0.19465687357744413,0.19634369688301057,0.5373578889960985,0.5966354826530185,0.5373578889960985,0.5966354826530185,75.814
honc_systematic_analysis,23,honc_color_stacking_l2,stacking,0.5443738991447739,0.5443738991447739,0.5678127593501838,0.19465687357744413,0.19634369688301057,0.5373578889960985,0.5966354826530185,0.5373578889960985,0.5966354826530185,78.732
honc_systematic_analysis,65,honc_color_stacking_l2,stacking,0.5443738991447739,0.5443738991447739,0.5678127593501838,0.19465687357744413,0.19634369688301057,0.5373578889960985,0.5966354826530185,0.5373578889960985,0.5966354826530185,78.45
honc_systematic_analysis,107,honc_color_stacking_l2,stacking,0.5443738991447739,0.5443738991447739,0.5678127593501838,0.19465687357744413,0.19634369688301057,0.5373578889960985,0.5966354826530185,0.5373578889960985,0.5966354826530185,76.015
honc_systematic_analysis_keynet_sift_pairs,251,honc_baseline_color_none_l1,none,0.41211788657075993,0.41211788657075993,0.40641366391547756,0.17759000356949536,0.175606548101638,0.3122943664808971,0.5102061371113946,0.3122943664808971,0.5102061371113946,469.13
honc_systematic_analysis_keynet_sift_pairs,248,honc_baseline_color_none_l2,none,0.41211788657075993,0.41211788657075993,0.40641366391547756,0.17759000356949536,0.175606548101638,0.3122943664808971,0.5102061371113946,0.3122943664808971,0.5102061371113946,472.817
honc_systematic_analysis_keynet_sift_pairs,252,honc_color_dsp_l1,none,0.37601080308759266,0.37601080308759266,0.380211545940061,0.16339331723954492,0.16428492213491921,0.27895655677163766,0.4919089505136641,0.27895655677163766,0.4919089505136641,56.129
honc_systematic_analysis_keynet_sift_pairs,249,honc_color_dsp_l2,none,0.37601080308759266,0.37601080308759266,0.380211545940061,0.16339331723954492,0.16428492213491921,0.27895655677163766,0.4919089505136641,0.27895655677163766,0.4919089505136641,59.624
honc_systematic_analysis_keynet_sift_pairs,253,honc_color_stacking_l1,none,0.3907813080663803,0.3907813080663803,0.3950497017326534,0.17009399484115098,0.1706963141482384,0.2944000537165111,0.5050694957362519,0.2944000537165111,0.5050694957362519,62.195
honc_systematic_analysis_keynet_sift_pairs,250,honc_color_stacking_l2,none,0.3907813080663803,0.3907813080663803,0.3950497017326534,0.17009399484115098,0.1706963141482384,0.2944000537165111,0.5050694957362519,0.2944000537165111,0.5050694957362519,66.88
honc_systematic_analysis_sift_keynet_pairs,245,honc_baseline_color_none_l1,none,0.4755710658007561,0.4755710658007561,0.49722527274861594,0.17181871111124217,0.17193528434770086,0.4577337752233922,0.5380291144019801,0.4577337752233922,0.5380291144019801,70.183
honc_systematic_analysis_sift_keynet_pairs,242,honc_baseline_color_none_l2,none,0.4755710658007561,0.4755710658007561,0.49722527274861594,0.17181871111124217,0.17193528434770086,0.4577337752233922,0.5380291144019801,0.4577337752233922,0.5380291144019801,72.619
honc_systematic_analysis_sift_keynet_pairs,246,honc_color_dsp_l1,none,0.46913426697813554,0.46913426697813554,0.49852516149483617,0.1140079467447242,0.12035909570985069,0.46512047106891785,0.5337379078291173,0.46512047106891785,0.5337379078291173,48.852
honc_systematic_analysis_sift_keynet_pairs,243,honc_color_dsp_l2,none,0.46913426697813554,0.46913426697813554,0.49852516149483617,0.1140079467447242,0.12035909570985069,0.46512047106891785,0.5337379078291173,0.46512047106891785,0.5337379078291173,49.288
honc_systematic_analysis_sift_keynet_pairs,247,honc_color_stacking_l1,none,0.23503849913018607,0.23503849913018607,0.28185700723832285,0.09102184610308983,0.09746319694697762,0.2649662289717666,0.2930318412551915,0.2649662289717666,0.2930318412551915,61.239
honc_systematic_analysis_sift_keynet_pairs,244,honc_color_stacking_l2,none,0.23503849913018607,0.23503849913018607,0.28185700723832285,0.09102184610308983,0.09746319694697762,0.2649662289717666,0.2930318412551915,0.2649662289717666,0.2930318412551915,60.681
libtorch_hardnet_baseline,52,libtorch_hardnet,none,0.8291770574280103,0.8291770574280103,0.8362468077302484,0.35588888933451474,0.3613323770951357,0.7939300342442759,0.8855838313301551,0.7939300342442759,0.8855838313301551,35.804
libtorch_hardnet_baseline,94,libtorch_hardnet,none,0.8291770574280103,0.8291770574280103,0.8362468077302484,0.35588888933451474,0.3613323770951357,0.7939300342442759,0.8855838313301551,0.7939300342442759,0.8855838313301551,36.801
libtorch_hardnet_baseline,136,libtorch_hardnet,none,0.8291770574280103,0.8291770574280103,0.8362468077302484,0.35588888933451474,0.3613323770951357,0.7939300342442759,0.8855838313301551,0.7939300342442759,0.8855838313301551,35.83
libtorch_hardnet_baseline_keynet_sift_pairs,294,libtorch_hardnet,none,0.8291770574280103,0.8291770574280103,0.8362468077302484,0.35588888933451474,0.3613323770951357,0.7939300342442759,0.8855838313301551,0.7939300342442759,0.8855838313301551,35.819
libtorch_hardnet_baseline_sift_keynet_pairs,223,libtorch_hardnet,none,0.24079812183527208,0.24079812183527208,0.26692628641204424,0.09434000740462552,0.09230031028075578,0.21571506481520325,0.3130427486680371,0.21571506481520325,0.3130427486680371,40.748
libtorch_hardnet_baseline_sift_keynet_pairs,295,libtorch_hardnet,none,0.24079812183527208,0.24079812183527208,0.26692628641204424,0.09434000740462552,0.09230031028075578,0.21571506481520325,0.3130427486680371,0.21571506481520325,0.3130427486680371,37.008
libtorch_hardnet_keynet,1,libtorch_hardnet,none,0.6815467859620146,0.6815467859620146,0.7074943638426898,0.3976667285521074,0.40079290901857106,0.5923711606020563,0.8417829632255778,0.5923711606020563,0.8417829632255778,38.401
libtorch_hardnet_keynet,3,orb_baseline,none,0.005941738650797547,0.005941738650797547,0.00577274778633469,0.0032900112801730105,0.003270240013996831,0.0011925097495729526,0.004463854062590647,0.0011925097495729526,0.004463854062590647,34.415
libtorch_hardnet_keynet,2,sift_baseline,none,0.3842307297731358,0.3842307297731358,0.4078653398332272,0.22857805690190272,0.23105418840616287,0.3378347890546943,0.4847874431946369,0.3378347890546943,0.4847874431946369,122.905
libtorch_sosnet_baseline,53,libtorch_sosnet,none,0.8269667321615165,0.8269667321615165,0.8329974092147968,0.3545325665360865,0.35992835034266973,0.7907070435775196,0.8808164909689116,0.7907070435775196,0.8808164909689116,36.248
libtorch_sosnet_baseline,95,libtorch_sosnet,none,0.8269667321615165,0.8269667321615165,0.8329974092147968,0.3545325665360865,0.35992835034266973,0.7907070435775196,0.8808164909689116,0.7907070435775196,0.8808164909689116,36.465
libtorch_sosnet_baseline,137,libtorch_sosnet,none,0.8269667321615165,0.8269667321615165,0.8329974092147968,0.3545325665360865,0.35992835034266973,0.7907070435775196,0.8808164909689116,0.7907070435775196,0.8808164909689116,36.149
libtorch_sosnet_baseline_keynet_sift_pairs,296,libtorch_sosnet,none,0.8269667321615165,0.8269667321615165,0.8329974092147968,0.3545325665360865,0.35992835034266973,0.7907070435775196,0.8808164909689116,0.7907070435775196,0.8808164909689116,36.099
libtorch_sosnet_baseline_sift_keynet_pairs,297,libtorch_sosnet,none,0.23907686762556654,0.23907686762556654,0.264516958914098,0.09353951037372886,0.09146719010133247,0.2127365020766036,0.31195200738347945,0.2127365020766036,0.31195200738347945,37.416
orb_baseline,10,orb_baseline,none,0.051931532089545034,0.051931532089545034,0.05146585853098116,0.01961499008913734,0.0183609420188318,0.01744360902255639,0.05473684210526316,0.01744360902255639,0.05473684210526316,0.948
rootsift_pooling_order,158,dspsift_v2_baseline_max,none,0.5824645563204085,0.5824645563204085,0.6035511767166748,0.20629837067214044,0.20870166677878257,0.5749045601376012,0.6323362839283467,0.5749045601376012,0.6323362839283467,45.831
rootsift_pooling_order,162,dspsift_v2_root_after_avg,none,0.5988169608899829,0.5988169608899829,0.6174458555003408,0.21091819689307476,0.21350630097282403,0.5902168897092755,0.6446280991735537,0.5902168897092755,0.6446280991735537,45.209
rootsift_pooling_order,160,dspsift_v2_root_after_max,none,0.5985318504175384,0.5985318504175384,0.6169011302058053,0.21092187055444567,0.21331794067912935,0.5900071317699375,0.6442085832948777,0.5900071317699375,0.6442085832948777,45.413
rootsift_pooling_order,161,dspsift_v2_root_before_avg,none,0.5974610794900975,0.5974610794900975,0.616393264801584,0.21053286243152092,0.21314232614891354,0.5889163904853799,0.643327599949658,0.5889163904853799,0.643327599949658,45.237
rootsift_pooling_order,159,dspsift_v2_root_before_max,none,0.5993380752919298,0.5993380752919298,0.6175518037241229,0.21112083844581245,0.21354293675740796,0.5905105508243487,0.6449217602886269,0.5905105508243487,0.6449217602886269,45.458
rootsift_validation,155,dspsift_v2_baseline_max_l2,none,0.5824645563204085,0.5824645563204085,0.6035511767166748,0.20629837067214044,0.20870166677878257,0.5749045601376012,0.6323362839283467,0.5749045601376012,0.6323362839283467,47.38
rootsift_validation,182,dspsift_v2_baseline_max_l2,none,0.5824645563204085,0.5824645563204085,0.6035511767166748,0.20629837067214044,0.20870166677878257,0.5749045601376012,0.6323362839283467,0.5749045601376012,0.6323362839283467,45.948
rootsift_validation,157,dspsift_v2_rootsift_average_l2,none,0.5988169608899829,0.5988169608899829,0.6174458555003408,0.21091819689307476,0.21350630097282403,0.5902168897092755,0.6446280991735537,0.5902168897092755,0.6446280991735537,45.289
rootsift_validation,156,dspsift_v2_rootsift_max_l2,none,0.5985318504175384,0.5985318504175384,0.6169011302058053,0.21092187055444567,0.21331794067912935,0.5900071317699375,0.6442085832948777,0.5900071317699375,0.6442085832948777,45.672
rootsift_validation,183,dspsift_v2_rootsift_max_l2,none,0.5985318504175384,0.5985318504175384,0.6169011302058053,0.21092187055444567,0.21331794067912935,0.5900071317699375,0.6442085832948777,0.5900071317699375,0.6442085832948777,45.869
rootsift_validation_avg,185,dspsift_v2_rootsift_average_l2,none,0.5988169608899829,0.5988169608899829,0.6174458555003408,0.21091819689307476,0.21350630097282403,0.5902168897092755,0.6446280991735537,0.5902168897092755,0.6446280991735537,45.702
sift_baseline,222,rootsift_baseline,none,0.5346176240766178,0.5346176240766178,0.5601671702653279,0.1920655698244165,0.19369993236548375,0.5284222007802996,0.5912656794059655,0.5284222007802996,0.5912656794059655,26.195
sift_baseline,221,sift_baseline,none,0.5346176240766178,0.5346176240766178,0.5601671702653279,0.1920655698244165,0.19369993236548375,0.5284222007802996,0.5912656794059655,0.5284222007802996,0.5912656794059655,27.018
sift_baseline_sift_pairs,9,sift_baseline,none,0.5298342330921857,0.5298342330921857,0.5618554241626253,0.19056409750029144,0.19541896357228428,0.5313825556733828,0.5910988865323435,0.5313825556733828,0.5910988865323435,35.96
sift_baseline_siftset,6,sift_baseline,none,0.44879587923069025,0.44879587923069025,0.46577476723529837,0.21951327698597503,0.22351322030604048,0.43841321504190944,0.4932104922393126,0.43841321504190944,0.4932104922393126,234.209
sift_systematic_analysis,15,rgbsift_baseline_color_none_l2,none,0.5428943931044152,0.5428943931044152,0.5663470583787203,0.1945216986047448,0.19583687285955692,0.5357637286571296,0.5961320635986072,0.5357637286571296,0.5961320635986072,80.401
sift_systematic_analysis,57,rgbsift_baseline_color_none_l2,none,0.5428943931044152,0.5428943931044152,0.5663470583787203,0.1945216986047448,0.19583687285955692,0.5357637286571296,0.5961320635986072,0.5357637286571296,0.5961320635986072,82.311
sift_systematic_analysis,99,rgbsift_baseline_color_none_l2,none,0.5428943931044152,0.5428943931044152,0.5663470583787203,0.1945216986047448,0.19583687285955692,0.5357637286571296,0.5961320635986072,0.5357637286571296,0.5961320635986072,79.631
sift_systematic_analysis,17,rgbsift_color_dsp_l2,domain_size_pooling,0.5512692381640798,0.5512692381640798,0.5752445478901804,0.1971738162145629,0.19891353141449525,0.5459999160968243,0.6041867684691865,0.5459999160968243,0.6041867684691865,295.986
sift_systematic_analysis,59,rgbsift_color_dsp_l2,domain_size_pooling,0.5455426134452416,0.5455426134452416,0.5687596289420805,0.19527512465770638,0.19667111445698662,0.5392037588622729,0.5971808532952972,0.5392037588622729,0.5971808532952972,165.501
sift_systematic_analysis,101,rgbsift_color_dsp_l2,domain_size_pooling,0.5438124307313158,0.5438124307313158,0.5653758227275717,0.1944543926677481,0.19550102975784617,0.5347149389604396,0.5952930318412551,0.5347149389604396,0.5952930318412551,149.726
sift_systematic_analysis,18,rgbsift_color_stacking_l2,stacking,0.5408481667058109,0.5408481667058109,0.5649882291842614,0.19395689946597908,0.1953670039757052,0.5342954230817637,0.5946637580232412,0.5342954230817637,0.5946637580232412,89.6
sift_systematic_analysis,60,rgbsift_color_stacking_l2,stacking,0.5408481667058109,0.5408481667058109,0.5649882291842614,0.19395689946597908,0.1953670039757052,0.5342954230817637,0.5946637580232412,0.5342954230817637,0.5946637580232412,91.367
sift_systematic_analysis,102,rgbsift_color_stacking_l2,stacking,0.5408481667058109,0.5408481667058109,0.5649882291842614,0.19395689946597908,0.1953670039757052,0.5342954230817637,0.5946637580232412,0.5342954230817637,0.5946637580232412,88.435
sift_systematic_analysis,16,sift_baseline_grayscale_none_l1,none,0.5346176240766178,0.5346176240766178,0.5601671702653279,0.1920655698244165,0.19369993236548375,0.5284222007802996,0.5912656794059655,0.5284222007802996,0.5912656794059655,39.487
sift_systematic_analysis,58,sift_baseline_grayscale_none_l1,none,0.5346176240766178,0.5346176240766178,0.5601671702653279,0.1920655698244165,0.19369993236548375,0.5284222007802996,0.5912656794059655,0.5284222007802996,0.5912656794059655,40.529
sift_systematic_analysis,100,sift_baseline_grayscale_none_l1,none,0.5346176240766178,0.5346176240766178,0.5601671702653279,0.1920655698244165,0.19369993236548375,0.5284222007802996,0.5912656794059655,0.5284222007802996,0.5912656794059655,39.329
sift_systematic_analysis,12,sift_baseline_grayscale_none_l2,none,0.5346176240766178,0.5346176240766178,0.5601671702653279,0.1920655698244165,0.19369993236548375,0.5284222007802996,0.5912656794059655,0.5284222007802996,0.5912656794059655,40.475
sift_systematic_analysis,54,sift_baseline_grayscale_none_l2,none,0.5346176240766178,0.5346176240766178,0.5601671702653279,0.1920655698244165,0.19369993236548375,0.5284222007802996,0.5912656794059655,0.5284222007802996,0.5912656794059655,40.647
sift_systematic_analysis,96,sift_baseline_grayscale_none_l2,none,0.5346176240766178,0.5346176240766178,0.5601671702653279,0.1920655698244165,0.19369993236548375,0.5284222007802996,0.5912656794059655,0.5284222007802996,0.5912656794059655,39.55
sift_systematic_analysis,139,sift_baseline_grayscale_none_l2,none,0.5346176240766178,0.5346176240766178,0.5601671702653279,0.1920655698244165,0.19369993236548375,0.5284222007802996,0.5912656794059655,0.5284222007802996,0.5912656794059655,42.237
sift_systematic_analysis,19,sift_grayscale_dsp_l1,domain_size_pooling,0.5436488324954262,0.5436488324954262,0.5698330634623495,0.1949474592313668,0.19704229685576302,0.5397491295045518,0.5995301422158829,0.5397491295045518,0.5995301422158829,76.107
sift_systematic_analysis,61,sift_grayscale_dsp_l1,domain_size_pooling,0.5367947595283781,0.5367947595283781,0.5626166426217571,0.1927777586678365,0.19454693421592553,0.5316524730461047,0.5931115492721399,0.5316524730461047,0.5931115492721399,54.991
sift_systematic_analysis,103,sift_grayscale_dsp_l1,domain_size_pooling,0.5336345831087707,0.5336345831087707,0.5593990970703318,0.19171522617873993,0.19343434071031404,0.5271217015564039,0.5909300667030247,0.5271217015564039,0.5909300667030247,49.886
sift_systematic_analysis,13,sift_grayscale_dsp_l2,domain_size_pooling,0.5436488324954262,0.5436488324954262,0.5698330634623495,0.1949474592313668,0.19704229685576302,0.5397491295045518,0.5995301422158829,0.5397491295045518,0.5995301422158829,75.348
sift_systematic_analysis,55,sift_grayscale_dsp_l2,domain_size_pooling,0.5367947595283781,0.5367947595283781,0.5626166426217571,0.1927777586678365,0.19454693421592553,0.5316524730461047,0.5931115492721399,0.5316524730461047,0.5931115492721399,56.823
sift_systematic_analysis,97,sift_grayscale_dsp_l2,domain_size_pooling,0.5336345831087707,0.5336345831087707,0.5593990970703318,0.19171522617873993,0.19343434071031404,0.5271217015564039,0.5909300667030247,0.5271217015564039,0.5909300667030247,50.032
sift_systematic_analysis,140,sift_grayscale_dsp_l2,domain_size_pooling,0.5392392390857476,0.5392392390857476,0.5642261231968801,0.19339445005737013,0.19510347571834383,0.5326593111549273,0.5953769350169904,0.5326593111549273,0.5953769350169904,53.332
sift_systematic_analysis,20,sift_grayscale_stacking_l1,stacking,0.5346881956595958,0.5346881956595958,0.5602030155002117,0.19208650362949545,0.19371232727175666,0.5284641523681671,0.5914334857574359,0.5284641523681671,0.5914334857574359,47.884
sift_systematic_analysis,62,sift_grayscale_stacking_l1,stacking,0.5346881956595958,0.5346881956595958,0.5602030155002117,0.19208650362949545,0.19371232727175666,0.5284641523681671,0.5914334857574359,0.5284641523681671,0.5914334857574359,48.353
sift_systematic_analysis,104,sift_grayscale_stacking_l1,stacking,0.5346881956595958,0.5346881956595958,0.5602030155002117,0.19208650362949545,0.19371232727175666,0.5284641523681671,0.5914334857574359,0.5284641523681671,0.5914334857574359,47.733
sift_systematic_analysis,14,sift_grayscale_stacking_l2,stacking,0.5346881956595958,0.5346881956595958,0.5602030155002117,0.19208650362949545,0.19371232727175666,0.5284641523681671,0.5914334857574359,0.5284641523681671,0.5914334857574359,47.904
sift_systematic_analysis,56,sift_grayscale_stacking_l2,stacking,0.5346881956595958,0.5346881956595958,0.5602030155002117,0.19208650362949545,0.19371232727175666,0.5284641523681671,0.5914334857574359,0.5284641523681671,0.5914334857574359,48.84
sift_systematic_analysis,98,sift_grayscale_stacking_l2,stacking,0.5346881956595958,0.5346881956595958,0.5602030155002117,0.19208650362949545,0.19371232727175666,0.5284641523681671,0.5914334857574359,0.5284641523681671,0.5914334857574359,47.837
sift_systematic_analysis,141,sift_grayscale_stacking_l2,stacking,0.5346881956595958,0.5346881956595958,0.5602030155002117,0.19208650362949545,0.19371232727175666,0.5284641523681671,0.5914334857574359,0.5284641523681671,0.5914334857574359,50.66
sift_systematic_analysis_keynet_sift_pairs,236,rgbsift_baseline_color_none_l2,none,0.5499209353173314,0.5499209353173314,0.5592204169161158,0.24066102376142248,0.2416325428050109,0.4596790438461022,0.6794131471160948,0.4596790438461022,0.6794131471160948,738.325
sift_systematic_analysis_keynet_sift_pairs,238,rgbsift_color_dsp_l2,none,0.5221254395834529,0.5221254395834529,0.5269402214723168,0.22637237584095363,0.22768465129142565,0.41872020412274225,0.6548714161015242,0.41872020412274225,0.6548714161015242,70.914
sift_systematic_analysis_keynet_sift_pairs,239,rgbsift_color_stacking_l2,none,0.5266973918896677,0.5266973918896677,0.5303994397382347,0.22912913590573084,0.2291793386819911,0.4279191566507755,0.6477204055596589,0.4279191566507755,0.6477204055596589,92.869
sift_systematic_analysis_keynet_sift_pairs,237,sift_baseline_grayscale_none_l1,none,0.5480561927356874,0.5480561927356874,0.5582728824862672,0.23973605973657164,0.24122312435970047,0.4584368495266232,0.6792452830188679,0.4584368495266232,0.6792452830188679,79.471
sift_systematic_analysis_keynet_sift_pairs,233,sift_baseline_grayscale_none_l2,none,0.5480561927356874,0.5480561927356874,0.5582728824862672,0.23973605973657164,0.24122312435970047,0.4584368495266232,0.6792452830188679,0.4584368495266232,0.6792452830188679,76.619
sift_systematic_analysis_keynet_sift_pairs,240,sift_grayscale_dsp_l1,none,0.5092962281114476,0.5092962281114476,0.5156981837619223,0.22100998284960138,0.2228270994637357,0.4101255623447257,0.6377828510038273,0.4101255623447257,0.6377828510038273,44.375
sift_systematic_analysis_keynet_sift_pairs,234,sift_grayscale_dsp_l2,none,0.5092962281114476,0.5092962281114476,0.5156981837619223,0.22100998284960138,0.2228270994637357,0.4101255623447257,0.6377828510038273,0.4101255623447257,0.6377828510038273,42.32
sift_systematic_analysis_keynet_sift_pairs,241,sift_grayscale_stacking_l1,none,0.514877892055118,0.514877892055118,0.5196870869513647,0.22414118733316032,0.22455065745895914,0.4188880682199691,0.6346270059759619,0.4188880682199691,0.6346270059759619,52.394
sift_systematic_analysis_keynet_sift_pairs,235,sift_grayscale_stacking_l2,none,0.514877892055118,0.514877892055118,0.5196870869513647,0.22414118733316032,0.22455065745895914,0.4188880682199691,0.6346270059759619,0.4188880682199691,0.6346270059759619,48.445
sift_systematic_analysis_sift_keynet_pairs,227,rgbsift_baseline_color_none_l2,none,0.5428914637606268,0.5428914637606268,0.5663438833765758,0.19452094419359933,0.19583577497711524,0.5357637286571296,0.5961320635986072,0.5357637286571296,0.5961320635986072,79.087
sift_systematic_analysis_sift_keynet_pairs,229,rgbsift_color_dsp_l2,none,0.5387702045730925,0.5387702045730925,0.574641823470668,0.1302068548785105,0.13873596675161132,0.5512828216066815,0.5976686895391455,0.5512828216066815,0.5976686895391455,52.156
sift_systematic_analysis_sift_keynet_pairs,230,rgbsift_color_stacking_l2,none,0.28304946383461277,0.28304946383461277,0.33304263297858056,0.10822699573362793,0.11516264948589867,0.3141334899525947,0.34769476024667534,0.3141334899525947,0.34769476024667534,80.389
sift_systematic_analysis_sift_keynet_pairs,228,sift_baseline_grayscale_none_l1,none,0.5346176240766178,0.5346176240766178,0.5601671702653279,0.1920655698244165,0.19369993236548375,0.5284222007802996,0.5912656794059655,0.5284222007802996,0.5912656794059655,39.233
sift_systematic_analysis_sift_keynet_pairs,224,sift_baseline_grayscale_none_l2,none,0.5346176240766178,0.5346176240766178,0.5601671702653279,0.1920655698244165,0.19369993236548375,0.5284222007802996,0.5912656794059655,0.5284222007802996,0.5912656794059655,40.08
sift_systematic_analysis_sift_keynet_pairs,231,sift_grayscale_dsp_l1,none,0.53350485917361,0.53350485917361,0.5715221600343819,0.12936279850739293,0.13798278536958322,0.5475575316950069,0.5950249354082797,0.5475575316950069,0.5950249354082797,33.589
sift_systematic_analysis_sift_keynet_pairs,225,sift_grayscale_dsp_l2,none,0.53350485917361,0.53350485917361,0.5715221600343819,0.12936279850739293,0.13798278536958322,0.5475575316950069,0.5950249354082797,0.5475575316950069,0.5950249354082797,34.842
sift_systematic_analysis_sift_keynet_pairs,232,sift_grayscale_stacking_l1,none,0.28104924739008436,0.28104924739008436,0.3314200525360456,0.10764712115765408,0.11460157818672255,0.3118261526198767,0.3463942610227797,0.3118261526198767,0.3463942610227797,46.858
sift_systematic_analysis_sift_keynet_pairs,226,sift_grayscale_stacking_l2,none,0.28104924739008436,0.28104924739008436,0.3314200525360456,0.10764712115765408,0.11460157818672255,0.3118261526198767,0.3463942610227797,0.3118261526198767,0.3463942610227797,47.566
sift_vs_hardnet_keynet,4,libtorch_hardnet,none,0.7232362285333954,0.7232362285333954,0.7375490851834571,0.3921383351069381,0.40194139222231046,0.6375564108554775,0.8527599818009666,0.6375564108554775,0.8527599818009666,96.196
sift_vs_hardnet_keynet,5,sift_baseline,none,0.27375500829874694,0.27375500829874694,0.2854258167757255,0.15545297462614724,0.15554822380735348,0.25486024863814666,0.3144743799417139,0.25486024863814666,0.3144743799417139,97.645
sift_vs_hardnet_keynet_pairs,7,libtorch_hardnet,none,0.8100573644791357,0.8100573644791357,0.8215581990877777,0.36206746501306286,0.37318589933205765,0.7788886069525501,0.8703374777975134,0.7788886069525501,0.8703374777975134,33.341
sift_vs_hardnet_keynet_pairs,298,libtorch_hardnet,none,0.8291770574280103,0.8291770574280103,0.8362468077302484,0.35588888933451474,0.3613323770951357,0.7939300342442759,0.8855838313301551,0.7939300342442759,0.8855838313301551,20.693
sift_vs_hardnet_keynet_pairs,8,sift_baseline,none,0.2894285671091554,0.2894285671091554,0.30899603795393876,0.13742935249115412,0.1403588503430697,0.2831261101243339,0.33268206039076376,0.2831261101243339,0.33268206039076376,54.594
sift_vs_hardnet_keynet_pairs,299,sift_baseline,none,0.5480561927356874,0.5480561927356874,0.5582728824862672,0.23973605973657164,0.24122312435970047,0.4584368495266232,0.6792452830188679,0.4584368495266232,0.6792452830188679,60.408
sift_vs_hardnet_sift_keynet_pairs,300,libtorch_hardnet,none,0.24079812183527208,0.24079812183527208,0.26692628641204424,0.09434000740462552,0.09230031028075578,0.21571506481520325,0.3130427486680371,0.21571506481520325,0.3130427486680371,20.645
sift_vs_hardnet_sift_keynet_pairs,301,sift_baseline,none,0.5346176240766178,0.5346176240766178,0.5601671702653279,0.1920655698244165,0.19369993236548375,0.5284222007802996,0.5912656794059655,0.5284222007802996,0.5912656794059655,24.32
surf_baseline,51,surf_baseline,none,0.2733398180047036,0.2733398180047036,0.308555396274596,0.10789127923070702,0.10669521985925211,0.2595964257247137,0.3524772412635818,0.2595964257247137,0.3524772412635818,34.436
surf_baseline,93,surf_baseline,none,0.2733398180047036,0.2733398180047036,0.308555396274596,0.10789127923070702,0.10669521985925211,0.2595964257247137,0.3524772412635818,0.2595964257247137,0.3524772412635818,34.622
surf_baseline,135,surf_baseline,none,0.2733398180047036,0.2733398180047036,0.308555396274596,0.10789127923070702,0.10669521985925211,0.2595964257247137,0.3524772412635818,0.2595964257247137,0.3524772412635818,34.391
surf_baseline,293,surf_baseline,none,0.2733398180047036,0.2733398180047036,0.308555396274596,0.10789127923070702,0.10669521985925211,0.2595964257247137,0.3524772412635818,0.2595964257247137,0.3524772412635818,34.408
vgg_systematic_analysis,45,vgg_baseline_color_none_l2,none,0.5310227554051986,0.5310227554051986,0.5606638131625225,0.19183992772593284,0.19387166627047286,0.5259470570961111,0.594999370726182,0.5259470570961111,0.594999370726182,54.558
vgg_systematic_analysis,87,vgg_baseline_color_none_l2,none,0.5310227554051986,0.5310227554051986,0.5606638131625225,0.19183992772593284,0.19387166627047286,0.5259470570961111,0.594999370726182,0.5259470570961111,0.594999370726182,54.703
vgg_systematic_analysis,129,vgg_baseline_color_none_l2,none,0.5310227554051986,0.5310227554051986,0.5606638131625225,0.19183992772593284,0.19387166627047286,0.5259470570961111,0.594999370726182,0.5259470570961111,0.594999370726182,54.503
vgg_systematic_analysis,46,vgg_baseline_grayscale_none_l1,none,0.5310227554051986,0.5310227554051986,0.5606638131625225,0.19183992772593284,0.19387166627047286,0.5259470570961111,0.594999370726182,0.5259470570961111,0.594999370726182,48.149
vgg_systematic_analysis,88,vgg_baseline_grayscale_none_l1,none,0.5310227554051986,0.5310227554051986,0.5606638131625225,0.19183992772593284,0.19387166627047286,0.5259470570961111,0.594999370726182,0.5259470570961111,0.594999370726182,48.359
vgg_systematic_analysis,130,vgg_baseline_grayscale_none_l1,none,0.5310227554051986,0.5310227554051986,0.5606638131625225,0.19183992772593284,0.19387166627047286,0.5259470570961111,0.594999370726182,0.5259470570961111,0.594999370726182,48.182
vgg_systematic_analysis,42,vgg_baseline_grayscale_none_l2,none,0.5310227554051986,0.5310227554051986,0.5606638131625225,0.19183992772593284,0.19387166627047286,0.5259470570961111,0.594999370726182,0.5259470570961111,0.594999370726182,48.225
vgg_systematic_analysis,84,vgg_baseline_grayscale_none_l2,none,0.5310227554051986,0.5310227554051986,0.5606638131625225,0.19183992772593284,0.19387166627047286,0.5259470570961111,0.594999370726182,0.5259470570961111,0.594999370726182,48.436
vgg_systematic_analysis,126,vgg_baseline_grayscale_none_l2,none,0.5310227554051986,0.5310227554051986,0.5606638131625225,0.19183992772593284,0.19387166627047286,0.5259470570961111,0.594999370726182,0.5259470570961111,0.594999370726182,48.127
vgg_systematic_analysis,47,vgg_color_dsp_l2,domain_size_pooling,0.5500013104286284,0.5500013104286284,0.5772018335560525,0.19771544661689114,0.19959034026946576,0.5456223518060158,0.6080043629651383,0.5456223518060158,0.6080043629651383,84.002
vgg_systematic_analysis,89,vgg_color_dsp_l2,domain_size_pooling,0.5443608483330807,0.5443608483330807,0.5717123243564498,0.1958720516463359,0.19769212556298968,0.5391618072744053,0.6041028652934514,0.5391618072744053,0.6041028652934514,83.086
vgg_systematic_analysis,131,vgg_color_dsp_l2,domain_size_pooling,0.5280318081104269,0.5280318081104269,0.5576514590950568,0.19085374474674835,0.19283002582793746,0.5220036078365566,0.5936569199144187,0.5220036078365566,0.5936569199144187,82.627
vgg_systematic_analysis,48,vgg_color_stacking_l2,stacking,0.5346887618076311,0.5346887618076311,0.5602036381798079,0.19208667497948095,0.1937125425878303,0.5284641523681671,0.5914334857574359,0.5284641523681671,0.5914334857574359,64.301
vgg_systematic_analysis,90,vgg_color_stacking_l2,stacking,0.5346887618076311,0.5346887618076311,0.5602036381798079,0.19208667497948095,0.1937125425878303,0.5284641523681671,0.5914334857574359,0.5284641523681671,0.5914334857574359,64.623
vgg_systematic_analysis,132,vgg_color_stacking_l2,stacking,0.5346887618076311,0.5346887618076311,0.5602036381798079,0.19208667497948095,0.1937125425878303,0.5284641523681671,0.5914334857574359,0.5284641523681671,0.5914334857574359,63.984
vgg_systematic_analysis,49,vgg_grayscale_dsp_l1,domain_size_pooling,0.5498375006908205,0.5498375006908205,0.5771114675651496,0.19764806838711876,0.19955909265758282,0.5454545454545454,0.6080043629651383,0.5454545454545454,0.6080043629651383,77.093
vgg_systematic_analysis,91,vgg_grayscale_dsp_l1,domain_size_pooling,0.5443499313510292,0.5443499313510292,0.5717167791310447,0.19586500044664257,0.19769366597732227,0.5392037588622729,0.6040609137055838,0.5392037588622729,0.6040609137055838,76.222
vgg_systematic_analysis,133,vgg_grayscale_dsp_l1,domain_size_pooling,0.5280627354080921,0.5280627354080921,0.5577117706660591,0.19086692816172102,0.19285088093663383,0.5223392205394974,0.5936149683265511,0.5223392205394974,0.5936149683265511,75.879
vgg_systematic_analysis,43,vgg_grayscale_dsp_l2,domain_size_pooling,0.5498375006908205,0.5498375006908205,0.5771114675651496,0.19764806838711876,0.19955909265758282,0.5454545454545454,0.6080043629651383,0.5454545454545454,0.6080043629651383,77.148
vgg_systematic_analysis,85,vgg_grayscale_dsp_l2,domain_size_pooling,0.5443499313510292,0.5443499313510292,0.5717167791310447,0.19586500044664257,0.19769366597732227,0.5392037588622729,0.6040609137055838,0.5392037588622729,0.6040609137055838,76.347
vgg_systematic_analysis,127,vgg_grayscale_dsp_l2,domain_size_pooling,0.5280627354080921,0.5280627354080921,0.5577117706660591,0.19086692816172102,0.19285088093663383,0.5223392205394974,0.5936149683265511,0.5223392205394974,0.5936149683265511,76.246
vgg_systematic_analysis,50,vgg_grayscale_stacking_l1,stacking,0.5346887618076311,0.5346887618076311,0.5602036381798079,0.19208667497948095,0.1937125425878303,0.5284641523681671,0.5914334857574359,0.5284641523681671,0.5914334857574359,57.756
vgg_systematic_analysis,92,vgg_grayscale_stacking_l1,stacking,0.5346887618076311,0.5346887618076311,0.5602036381798079,0.19208667497948095,0.1937125425878303,0.5284641523681671,0.5914334857574359,0.5284641523681671,0.5914334857574359,57.994
vgg_systematic_analysis,134,vgg_grayscale_stacking_l1,stacking,0.5346887618076311,0.5346887618076311,0.5602036381798079,0.19208667497948095,0.1937125425878303,0.5284641523681671,0.5914334857574359,0.5284641523681671,0.5914334857574359,57.641
vgg_systematic_analysis,44,vgg_grayscale_stacking_l2,stacking,0.5346887618076311,0.5346887618076311,0.5602036381798079,0.19208667497948095,0.1937125425878303,0.5284641523681671,0.5914334857574359,0.5284641523681671,0.5914334857574359,57.708
vgg_systematic_analysis,86,vgg_grayscale_stacking_l2,stacking,0.5346887618076311,0.5346887618076311,0.5602036381798079,0.19208667497948095,0.1937125425878303,0.5284641523681671,0.5914334857574359,0.5284641523681671,0.5914334857574359,58.132
vgg_systematic_analysis,128,vgg_grayscale_stacking_l2,stacking,0.5346887618076311,0.5346887618076311,0.5602036381798079,0.19208667497948095,0.1937125425878303,0.5284641523681671,0.5914334857574359,0.5284641523681671,0.5914334857574359,57.629
vgg_systematic_analysis_sift_keynet_pairs,287,vgg_baseline_color_none_l2,none,0.5310227554051986,0.5310227554051986,0.5606638131625225,0.19183992772593284,0.19387166627047286,0.5259470570961111,0.594999370726182,0.5259470570961111,0.594999370726182,54.396
vgg_systematic_analysis_sift_keynet_pairs,288,vgg_baseline_grayscale_none_l1,none,0.5310227554051986,0.5310227554051986,0.5606638131625225,0.19183992772593284,0.19387166627047286,0.5259470570961111,0.594999370726182,0.5259470570961111,0.594999370726182,48.064
vgg_systematic_analysis_sift_keynet_pairs,284,vgg_baseline_grayscale_none_l2,none,0.5310227554051986,0.5310227554051986,0.5606638131625225,0.19183992772593284,0.19387166627047286,0.5259470570961111,0.594999370726182,0.5259470570961111,0.594999370726182,48.162
vgg_systematic_analysis_sift_keynet_pairs,289,vgg_color_dsp_l2,domain_size_pooling,0.54346369431809,0.54346369431809,0.570884683249654,0.19551285503816027,0.1974059359486763,0.5380291144019801,0.6043965264085246,0.5380291144019801,0.6043965264085246,82.828
vgg_systematic_analysis_sift_keynet_pairs,290,vgg_color_stacking_l2,stacking,0.5347148691368283,0.5347148691368283,0.5602272233898694,0.19209664248404068,0.19372069810610457,0.5285061039560347,0.5914334857574359,0.5285061039560347,0.5914334857574359,64.049
vgg_systematic_analysis_sift_keynet_pairs,291,vgg_grayscale_dsp_l1,domain_size_pooling,0.5437170830528718,0.5437170830528718,0.5709191259497632,0.1955507117261419,0.1974178458731342,0.5380710659898477,0.6040609137055838,0.5380710659898477,0.6040609137055838,75.892
vgg_systematic_analysis_sift_keynet_pairs,285,vgg_grayscale_dsp_l2,domain_size_pooling,0.5437170830528718,0.5437170830528718,0.5709191259497632,0.1955507117261419,0.1974178458731342,0.5380710659898477,0.6040609137055838,0.5380710659898477,0.6040609137055838,76.214
vgg_systematic_analysis_sift_keynet_pairs,292,vgg_grayscale_stacking_l1,stacking,0.5347148691368283,0.5347148691368283,0.5602272233898694,0.19209664248404068,0.19372069810610457,0.5285061039560347,0.5914334857574359,0.5285061039560347,0.5914334857574359,57.54
vgg_systematic_analysis_sift_keynet_pairs,286,vgg_grayscale_stacking_l2,stacking,0.5347148691368283,0.5347148691368283,0.5602272233898694,0.19209664248404068,0.19372069810610457,0.5285061039560347,0.5914334857574359,0.5285061039560347,0.5914334857574359,57.597
vsift_systematic_analysis,30,vsift_baseline_color_none_l2,none,0.5346146848303875,0.5346146848303875,0.5601329758955266,0.19206790838873067,0.1936881083110418,0.5283382976045643,0.591223727818098,0.5283382976045643,0.591223727818098,50.595
vsift_systematic_analysis,72,vsift_baseline_color_none_l2,none,0.5346146848303875,0.5346146848303875,0.5601329758955266,0.19206790838873067,0.1936881083110418,0.5283382976045643,0.591223727818098,0.5283382976045643,0.591223727818098,52.819
vsift_systematic_analysis,114,vsift_baseline_color_none_l2,none,0.5346146848303875,0.5346146848303875,0.5601329758955266,0.19206790838873067,0.1936881083110418,0.5283382976045643,0.591223727818098,0.5283382976045643,0.591223727818098,50.202
vsift_systematic_analysis,31,vsift_baseline_grayscale_none_l1,none,0.5346146848303875,0.5346146848303875,0.5601329758955266,0.19206790838873067,0.1936881083110418,0.5283382976045643,0.591223727818098,0.5283382976045643,0.591223727818098,44.238
vsift_systematic_analysis,73,vsift_baseline_grayscale_none_l1,none,0.5346146848303875,0.5346146848303875,0.5601329758955266,0.19206790838873067,0.1936881083110418,0.5283382976045643,0.591223727818098,0.5283382976045643,0.591223727818098,44.48
vsift_systematic_analysis,115,vsift_baseline_grayscale_none_l1,none,0.5346146848303875,0.5346146848303875,0.5601329758955266,0.19206790838873067,0.1936881083110418,0.5283382976045643,0.591223727818098,0.5283382976045643,0.591223727818098,43.967
vsift_systematic_analysis,27,vsift_baseline_grayscale_none_l2,none,0.5346146848303875,0.5346146848303875,0.5601329758955266,0.19206790838873067,0.1936881083110418,0.5283382976045643,0.591223727818098,0.5283382976045643,0.591223727818098,44.486
vsift_systematic_analysis,69,vsift_baseline_grayscale_none_l2,none,0.5346146848303875,0.5346146848303875,0.5601329758955266,0.19206790838873067,0.1936881083110418,0.5283382976045643,0.591223727818098,0.5283382976045643,0.591223727818098,44.891
vsift_systematic_analysis,111,vsift_baseline_grayscale_none_l2,none,0.5346146848303875,0.5346146848303875,0.5601329758955266,0.19206790838873067,0.1936881083110418,0.5283382976045643,0.591223727818098,0.5283382976045643,0.591223727818098,44.166
vsift_systematic_analysis,32,vsift_color_dsp_l2,domain_size_pooling,0.5436676822011172,0.5436676822011172,0.5698284764037033,0.19494279439634557,0.19704071069899287,0.5397071779166841,0.5997399001552208,0.5397071779166841,0.5997399001552208,116.301
vsift_systematic_analysis,74,vsift_color_dsp_l2,domain_size_pooling,0.536645176991196,0.536645176991196,0.5624799228883974,0.1927368032492243,0.19449965796606555,0.531526618282502,0.5931535008600075,0.531526618282502,0.5931535008600075,74.775
vsift_systematic_analysis,116,vsift_color_dsp_l2,domain_size_pooling,0.5337424677443057,0.5337424677443057,0.5594371367566705,0.19175954682172577,0.19344749443488438,0.5272895079078743,0.5907622603515543,0.5272895079078743,0.5907622603515543,71.223
vsift_systematic_analysis,33,vsift_color_stacking_l2,stacking,0.5346740245642166,0.5346740245642166,0.560165970162589,0.19207933789503198,0.19369951738254343,0.528380249192432,0.5911398246423627,0.528380249192432,0.5911398246423627,58.819
vsift_systematic_analysis,75,vsift_color_stacking_l2,stacking,0.5346740245642166,0.5346740245642166,0.560165970162589,0.19207933789503198,0.19369951738254343,0.528380249192432,0.5911398246423627,0.528380249192432,0.5911398246423627,58.93
vsift_systematic_analysis,117,vsift_color_stacking_l2,stacking,0.5346740245642166,0.5346740245642166,0.560165970162589,0.19207933789503198,0.19369951738254343,0.528380249192432,0.5911398246423627,0.528380249192432,0.5911398246423627,58.524
vsift_systematic_analysis,34,vsift_grayscale_dsp_l1,domain_size_pooling,0.5436333561774044,0.5436333561774044,0.5698297275890631,0.19494541283050046,0.19704114334576775,0.5397491295045518,0.5996559969794857,0.5397491295045518,0.5996559969794857,109.364
vsift_systematic_analysis,76,vsift_grayscale_dsp_l1,domain_size_pooling,0.5366335728205559,0.5366335728205559,0.5625199111753223,0.1927430148369974,0.1945134854962814,0.531526618282502,0.5931115492721399,0.531526618282502,0.5931115492721399,68.31
vsift_systematic_analysis,118,vsift_grayscale_dsp_l1,domain_size_pooling,0.5336483964801207,0.5336483964801207,0.5594198070271634,0.19171850438097285,0.19344150199617746,0.5272056047321391,0.5907622603515543,0.5272056047321391,0.5907622603515543,64.955
vsift_systematic_analysis,28,vsift_grayscale_dsp_l2,domain_size_pooling,0.5436333561774044,0.5436333561774044,0.5698297275890631,0.19494541283050046,0.19704114334576775,0.5397491295045518,0.5996559969794857,0.5397491295045518,0.5996559969794857,110.006
vsift_systematic_analysis,70,vsift_grayscale_dsp_l2,domain_size_pooling,0.5366335728205559,0.5366335728205559,0.5625199111753223,0.1927430148369974,0.1945134854962814,0.531526618282502,0.5931115492721399,0.531526618282502,0.5931115492721399,69.108
vsift_systematic_analysis,112,vsift_grayscale_dsp_l2,domain_size_pooling,0.5336483964801207,0.5336483964801207,0.5594198070271634,0.19171850438097285,0.19344150199617746,0.5272056047321391,0.5907622603515543,0.5272056047321391,0.5907622603515543,65.143
vsift_systematic_analysis,35,vsift_grayscale_stacking_l1,stacking,0.5346740245642166,0.5346740245642166,0.560165970162589,0.19207933789503198,0.19369951738254343,0.528380249192432,0.5911398246423627,0.528380249192432,0.5911398246423627,52.563
vsift_systematic_analysis,77,vsift_grayscale_stacking_l1,stacking,0.5346740245642166,0.5346740245642166,0.560165970162589,0.19207933789503198,0.19369951738254343,0.528380249192432,0.5911398246423627,0.528380249192432,0.5911398246423627,52.771
vsift_systematic_analysis,119,vsift_grayscale_stacking_l1,stacking,0.5346740245642166,0.5346740245642166,0.560165970162589,0.19207933789503198,0.19369951738254343,0.528380249192432,0.5911398246423627,0.528380249192432,0.5911398246423627,52.197
vsift_systematic_analysis,29,vsift_grayscale_stacking_l2,stacking,0.5346740245642166,0.5346740245642166,0.560165970162589,0.19207933789503198,0.19369951738254343,0.528380249192432,0.5911398246423627,0.528380249192432,0.5911398246423627,52.738
vsift_systematic_analysis,71,vsift_grayscale_stacking_l2,stacking,0.5346740245642166,0.5346740245642166,0.560165970162589,0.19207933789503198,0.19369951738254343,0.528380249192432,0.5911398246423627,0.528380249192432,0.5911398246423627,54.758
vsift_systematic_analysis,113,vsift_grayscale_stacking_l2,stacking,0.5346740245642166,0.5346740245642166,0.560165970162589,0.19207933789503198,0.19369951738254343,0.528380249192432,0.5911398246423627,0.528380249192432,0.5911398246423627,52.293
vsift_systematic_analysis_keynet_sift_pairs,266,vsift_baseline_color_none_l2,none,0.5477695968209821,0.5477695968209821,0.5581087061707458,0.23964511059397786,0.24115218571120378,0.4580675485127241,0.6791109917410865,0.4580675485127241,0.6791109917410865,323.724
vsift_systematic_analysis_keynet_sift_pairs,267,vsift_baseline_grayscale_none_l1,none,0.5477695968209821,0.5477695968209821,0.5581087061707458,0.23964511059397786,0.24115218571120378,0.4580675485127241,0.6791109917410865,0.4580675485127241,0.6791109917410865,316.985
vsift_systematic_analysis_keynet_sift_pairs,263,vsift_baseline_grayscale_none_l2,none,0.5477695968209821,0.5477695968209821,0.5581087061707458,0.23964511059397786,0.24115218571120378,0.4580675485127241,0.6791109917410865,0.4580675485127241,0.6791109917410865,317.185
vsift_systematic_analysis_keynet_sift_pairs,268,vsift_color_dsp_l2,none,0.5092962281114476,0.5092962281114476,0.5156981837619223,0.22100998284960138,0.2228270994637357,0.4101255623447257,0.6377828510038273,0.4101255623447257,0.6377828510038273,49.138
vsift_systematic_analysis_keynet_sift_pairs,269,vsift_color_stacking_l2,none,0.514877892055118,0.514877892055118,0.5196870869513647,0.22414118733316032,0.22455065745895914,0.4188880682199691,0.6346270059759619,0.4188880682199691,0.6346270059759619,55.392
vsift_systematic_analysis_keynet_sift_pairs,270,vsift_grayscale_dsp_l1,none,0.5092962281114476,0.5092962281114476,0.5156981837619223,0.22100998284960138,0.2228270994637357,0.4101255623447257,0.6377828510038273,0.4101255623447257,0.6377828510038273,42.278
vsift_systematic_analysis_keynet_sift_pairs,264,vsift_grayscale_dsp_l2,none,0.5092962281114476,0.5092962281114476,0.5156981837619223,0.22100998284960138,0.2228270994637357,0.4101255623447257,0.6377828510038273,0.4101255623447257,0.6377828510038273,42.382
vsift_systematic_analysis_keynet_sift_pairs,271,vsift_grayscale_stacking_l1,none,0.514877892055118,0.514877892055118,0.5196870869513647,0.22414118733316032,0.22455065745895914,0.4188880682199691,0.6346270059759619,0.4188880682199691,0.6346270059759619,48.393
vsift_systematic_analysis_keynet_sift_pairs,265,vsift_grayscale_stacking_l2,none,0.514877892055118,0.514877892055118,0.5196870869513647,0.22414118733316032,0.22455065745895914,0.4188880682199691,0.6346270059759619,0.4188880682199691,0.6346270059759619,48.444
vsift_systematic_analysis_sift_keynet_pairs,257,vsift_baseline_color_none_l2,none,0.5346146848303875,0.5346146848303875,0.5601329758955266,0.19206790838873067,0.1936881083110418,0.5283382976045643,0.591223727818098,0.5283382976045643,0.591223727818098,50.515
vsift_systematic_analysis_sift_keynet_pairs,258,vsift_baseline_grayscale_none_l1,none,0.5346146848303875,0.5346146848303875,0.5601329758955266,0.19206790838873067,0.1936881083110418,0.5283382976045643,0.591223727818098,0.5283382976045643,0.591223727818098,44.065
vsift_systematic_analysis_sift_keynet_pairs,254,vsift_baseline_grayscale_none_l2,none,0.5346146848303875,0.5346146848303875,0.5601329758955266,0.19206790838873067,0.1936881083110418,0.5283382976045643,0.591223727818098,0.5283382976045643,0.591223727818098,44.312
vsift_systematic_analysis_sift_keynet_pairs,259,vsift_color_dsp_l2,none,0.53350485917361,0.53350485917361,0.5715221600343819,0.12936279850739293,0.13798278536958322,0.5475575316950069,0.5950249354082797,0.5475575316950069,0.5950249354082797,40.676
vsift_systematic_analysis_sift_keynet_pairs,260,vsift_color_stacking_l2,none,0.28104924739008436,0.28104924739008436,0.3314200525360456,0.10764712115765408,0.11460157818672255,0.3118261526198767,0.3463942610227797,0.3118261526198767,0.3463942610227797,53.629
vsift_systematic_analysis_sift_keynet_pairs,261,vsift_grayscale_dsp_l1,none,0.53350485917361,0.53350485917361,0.5715221600343819,0.12936279850739293,0.13798278536958322,0.5475575316950069,0.5950249354082797,0.5475575316950069,0.5950249354082797,33.469
vsift_systematic_analysis_sift_keynet_pairs,255,vsift_grayscale_dsp_l2,none,0.53350485917361,0.53350485917361,0.5715221600343819,0.12936279850739293,0.13798278536958322,0.5475575316950069,0.5950249354082797,0.5475575316950069,0.5950249354082797,33.628
vsift_systematic_analysis_sift_keynet_pairs,262,vsift_grayscale_stacking_l1,none,0.28104924739008436,0.28104924739008436,0.3314200525360456,0.10764712115765408,0.11460157818672255,0.3118261526198767,0.3463942610227797,0.3118261526198767,0.3463942610227797,46.592
vsift_systematic_analysis_sift_keynet_pairs,256,vsift_grayscale_stacking_l2,none,0.28104924739008436,0.28104924739008436,0.3314200525360456,0.10764712115765408,0.11460157818672255,0.3118261526198767,0.3463942610227797,0.3118261526198767,0.3463942610227797,46.583
